timestamp,project_name,run_id,duration,emissions,emissions_rate,cpu_power,gpu_power,ram_power,cpu_energy,gpu_energy,ram_energy,energy_consumed,country_name,country_iso_code,region,cloud_provider,cloud_region,os,python_version,cpu_count,cpu_model,gpu_count,gpu_model,longitude,latitude,ram_total_size,tracking_mode,on_cloud
2022-12-04T10:48:27,codecarbon,a57b4d71-42d3-4905-ba74-4929bbd2d5cf,0.081998586654663,1.826482174411715e-08,0.0002227455678113,22.5,2.186,0.0479607582092285,5.124911665916443e-07,4.250681797663372e-08,7.460561625786492e-10,5.557440407308566e-07,Switzerland,CHE,vaud,,,Windows-10-10.0.22000-SP0,3.9.15,12,Intel(R) Core(TM) i7-9750H CPU @ 2.60GHz,1,1 x NVIDIA GeForce GTX 1660 Ti with Max-Q Design,6.607,46.488,15.814472198486328,process,N
2022-12-04T10:48:27,codecarbon,a57b4d71-42d3-4905-ba74-4929bbd2d5cf,0.1279969215393066,2.843153307367097e-08,0.0002221266943903,22.5,2.294,0.0485844612121582,7.999807596206665e-07,6.41709551546309e-08,9.350238688436243e-10,8.65086738644141e-07,Switzerland,CHE,vaud,,,Windows-10-10.0.22000-SP0,3.9.15,12,Intel(R) Core(TM) i7-9750H CPU @ 2.60GHz,1,1 x NVIDIA GeForce GTX 1660 Ti with Max-Q Design,6.607,46.488,15.814472198486328,process,N
2022-12-04T10:48:29,codecarbon,a57b4d71-42d3-4905-ba74-4929bbd2d5cf,2.6349997520446777,5.9616159653877e-07,0.0002262473065039,22.5,2.274,0.0505042076110839,1.6468748450279233e-05,1.6351260985268486e-06,3.5544451859834684e-08,1.813941900066592e-05,Switzerland,CHE,vaud,,,Windows-10-10.0.22000-SP0,3.9.15,12,Intel(R) Core(TM) i7-9750H CPU @ 2.60GHz,1,1 x NVIDIA GeForce GTX 1660 Ti with Max-Q Design,6.607,46.488,15.814472198486328,process,N
2022-12-04T10:48:30,codecarbon,a57b4d71-42d3-4905-ba74-4929bbd2d5cf,2.706995248794556,6.121270840605365e-07,0.0002261278753012,22.5,2.274,0.0508704185485839,1.6918720304965972e-05,1.6704983740382723e-06,3.5982481043674854e-08,1.862520116004792e-05,Switzerland,CHE,vaud,,,Windows-10-10.0.22000-SP0,3.9.15,12,Intel(R) Core(TM) i7-9750H CPU @ 2.60GHz,1,1 x NVIDIA GeForce GTX 1660 Ti with Max-Q Design,6.607,46.488,15.814472198486328,process,N
2022-12-04T10:48:30,codecarbon,a57b4d71-42d3-4905-ba74-4929bbd2d5cf,3.23299527168274,7.316143451497199e-07,0.0002262961383079,22.5,2.392,0.0530591011047363,2.020622044801712e-05,2.011358223226336e-06,4.3263406841542e-08,2.2260842078085e-05,Switzerland,CHE,vaud,,,Windows-10-10.0.22000-SP0,3.9.15,12,Intel(R) Core(TM) i7-9750H CPU @ 2.60GHz,1,1 x NVIDIA GeForce GTX 1660 Ti with Max-Q Design,6.607,46.488,15.814472198486328,process,N
2022-12-04T10:48:40,codecarbon,a57b4d71-42d3-4905-ba74-4929bbd2d5cf,13.181994915008543,3.0150890125496783e-06,0.0002287278239742,22.5,2.585,0.0593190193176269,8.238746821880339e-05,9.145959499677022e-06,2.0673676121181945e-07,9.174016447969224e-05,Switzerland,CHE,vaud,,,Windows-10-10.0.22000-SP0,3.9.15,12,Intel(R) Core(TM) i7-9750H CPU @ 2.60GHz,1,1 x NVIDIA GeForce GTX 1660 Ti with Max-Q Design,6.607,46.488,15.814472198486328,process,N
2022-12-04T10:48:40,codecarbon,a57b4d71-42d3-4905-ba74-4929bbd2d5cf,13.2369966506958,3.027171071066224e-06,0.0002286901742856,22.5,2.548,0.0595450401306152,8.272498100996016e-05,9.175687217977312e-06,2.071172509848415e-07,9.21077854789223e-05,Switzerland,CHE,vaud,,,Windows-10-10.0.22000-SP0,3.9.15,12,Intel(R) Core(TM) i7-9750H CPU @ 2.60GHz,1,1 x NVIDIA GeForce GTX 1660 Ti with Max-Q Design,6.607,46.488,15.814472198486328,process,N
2022-12-04T10:48:40,codecarbon,a57b4d71-42d3-4905-ba74-4929bbd2d5cf,13.284998893737791,3.037650174405472e-06,0.0002286526479002,22.5,2.548,0.0596094131469726,8.301874250173567e-05,9.200458994706472e-06,2.0743183736631937e-07,9.242663333380848e-05,Switzerland,CHE,vaud,,,Windows-10-10.0.22000-SP0,3.9.15,12,Intel(R) Core(TM) i7-9750H CPU @ 2.60GHz,1,1 x NVIDIA GeForce GTX 1660 Ti with Max-Q Design,6.607,46.488,15.814472198486328,process,N
2022-12-04T10:48:40,codecarbon,a57b4d71-42d3-4905-ba74-4929bbd2d5cf,13.656994581222534,3.1222512704237924e-06,0.0002286192069459,22.5,2.47,0.0596723556518554,8.534371554851531e-05,9.444025834931269e-06,2.130509325936221e-07,9.50007923160402e-05,Switzerland,CHE,vaud,,,Windows-10-10.0.22000-SP0,3.9.15,12,Intel(R) Core(TM) i7-9750H CPU @ 2.60GHz,1,1 x NVIDIA GeForce GTX 1660 Ti with Max-Q Design,6.607,46.488,15.814472198486328,process,N
2022-12-04T10:48:41,codecarbon,a57b4d71-42d3-4905-ba74-4929bbd2d5cf,13.713995933532717,3.1348744764476654e-06,0.0002285894273005,22.5,2.47,0.059967041015625,8.569997400045393e-05,9.47147074394756e-06,2.1343407524473906e-07,9.538487881964624e-05,Switzerland,CHE,vaud,,,Windows-10-10.0.22000-SP0,3.9.15,12,Intel(R) Core(TM) i7-9750H CPU @ 2.60GHz,1,1 x NVIDIA GeForce GTX 1660 Ti with Max-Q Design,6.607,46.488,15.814472198486328,process,N
2022-12-04T10:48:41,codecarbon,a57b4d71-42d3-4905-ba74-4929bbd2d5cf,14.321999311447144,3.274916302708108e-06,0.0002286633473086,22.5,2.731,0.060065746307373,8.949999511241911e-05,9.92284401502874e-06,2.2309471302681533e-07,9.964593384047467e-05,Switzerland,CHE,vaud,,,Windows-10-10.0.22000-SP0,3.9.15,12,Intel(R) Core(TM) i7-9750H CPU @ 2.60GHz,1,1 x NVIDIA GeForce GTX 1660 Ti with Max-Q Design,6.607,46.488,15.814472198486328,process,N
2022-12-04T10:48:47,codecarbon,a57b4d71-42d3-4905-ba74-4929bbd2d5cf,20.37399911880493,4.645517386272257e-06,0.0002280120539508,22.5,2.256,0.0602087974548339,0.0001273187518119,1.3706657116479344e-05,3.238273083468357e-07,0.0001413492362368,Switzerland,CHE,vaud,,,Windows-10-10.0.22000-SP0,3.9.15,12,Intel(R) Core(TM) i7-9750H CPU @ 2.60GHz,1,1 x NVIDIA GeForce GTX 1660 Ti with Max-Q Design,6.607,46.488,15.814472198486328,process,N
2022-12-04T10:48:47,codecarbon,a57b4d71-42d3-4905-ba74-4929bbd2d5cf,20.423996686935425,4.656291942633254e-06,0.0002279814286109,22.5,2.256,0.0603175163269043,0.0001276249825954,1.3727962388263808e-05,3.241288620856153e-07,0.0001416770738457,Switzerland,CHE,vaud,,,Windows-10-10.0.22000-SP0,3.9.15,12,Intel(R) Core(TM) i7-9750H CPU @ 2.60GHz,1,1 x NVIDIA GeForce GTX 1660 Ti with Max-Q Design,6.607,46.488,15.814472198486328,process,N
2022-12-04T10:48:47,codecarbon,a57b4d71-42d3-4905-ba74-4929bbd2d5cf,20.467997312545776,4.6661014038974325e-06,0.0002279705890442,22.5,2.61,0.0603260993957519,0.0001278999865055,1.3751162953840362e-05,3.243970305643983e-07,0.0001419755464899,Switzerland,CHE,vaud,,,Windows-10-10.0.22000-SP0,3.9.15,12,Intel(R) Core(TM) i7-9750H CPU @ 2.60GHz,1,1 x NVIDIA GeForce GTX 1660 Ti with Max-Q Design,6.607,46.488,15.814472198486328,process,N
2022-12-04T10:48:47,codecarbon,a57b4d71-42d3-4905-ba74-4929bbd2d5cf,20.51599812507629,4.676830524683182e-06,0.0002279601750873,22.5,2.61,0.0603289604187011,0.0001281999915838,1.3777261062131989e-05,3.2474898392479185e-07,0.0001423020016298,Switzerland,CHE,vaud,,,Windows-10-10.0.22000-SP0,3.9.15,12,Intel(R) Core(TM) i7-9750H CPU @ 2.60GHz,1,1 x NVIDIA GeForce GTX 1660 Ti with Max-Q Design,6.607,46.488,15.814472198486328,process,N
2022-12-04T10:48:47,codecarbon,a57b4d71-42d3-4905-ba74-4929bbd2d5cf,20.554001569747925,4.68526794903013e-06,0.0002279491870782,22.5,2.527,0.0603489875793457,0.000128437513113,1.3796213694678414e-05,3.250004757690779e-07,0.0001425587272834,Switzerland,CHE,vaud,,,Windows-10-10.0.22000-SP0,3.9.15,12,Intel(R) Core(TM) i7-9750H CPU @ 2.60GHz,1,1 x NVIDIA GeForce GTX 1660 Ti with Max-Q Design,6.607,46.488,15.814472198486328,process,N
2022-12-04T10:48:47,codecarbon,a57b4d71-42d3-4905-ba74-4929bbd2d5cf,20.6080014705658,4.697369058400192e-06,0.0002279390878882,22.5,2.527,0.0603919029235839,0.0001287750124931,1.3826394950747492e-05,3.2552049946114414e-07,0.0001429269279433,Switzerland,CHE,vaud,,,Windows-10-10.0.22000-SP0,3.9.15,12,Intel(R) Core(TM) i7-9750H CPU @ 2.60GHz,1,1 x NVIDIA GeForce GTX 1660 Ti with Max-Q Design,6.607,46.488,15.814472198486328,process,N
2022-12-04T10:48:48,codecarbon,a57b4d71-42d3-4905-ba74-4929bbd2d5cf,20.70699572563172,4.719763288433546e-06,0.0002279308573281,22.5,2.512,0.0604076385498046,0.0001293937265872,1.388779527737035e-05,3.267956954023058e-07,0.00014360831756,Switzerland,CHE,vaud,,,Windows-10-10.0.22000-SP0,3.9.15,12,Intel(R) Core(TM) i7-9750H CPU @ 2.60GHz,1,1 x NVIDIA GeForce GTX 1660 Ti with Max-Q Design,6.607,46.488,15.814472198486328,process,N
2022-12-04T10:48:48,codecarbon,a57b4d71-42d3-4905-ba74-4929bbd2d5cf,20.79299521446228,4.739039562719801e-06,0.0002279151951818,22.5,2.334,0.0607523918151855,0.0001299312233924,1.3935771712793248e-05,3.278419791593023e-07,0.0001441948370844,Switzerland,CHE,vaud,,,Windows-10-10.0.22000-SP0,3.9.15,12,Intel(R) Core(TM) i7-9750H CPU @ 2.60GHz,1,1 x NVIDIA GeForce GTX 1660 Ti with Max-Q Design,6.607,46.488,15.814472198486328,process,N
2022-12-04T10:48:48,codecarbon,a57b4d71-42d3-4905-ba74-4929bbd2d5cf,20.89299869537353,4.761445461551269e-06,0.0002278967002762,22.5,2.381,0.0607781410217285,0.0001305562451481,1.399132971412606e-05,3.2900688557513525e-07,0.0001448765817478,Switzerland,CHE,vaud,,,Windows-10-10.0.22000-SP0,3.9.15,12,Intel(R) Core(TM) i7-9750H CPU @ 2.60GHz,1,1 x NVIDIA GeForce GTX 1660 Ti with Max-Q Design,6.607,46.488,15.814472198486328,process,N
2022-12-04T10:49:08,codecarbon,a57b4d71-42d3-4905-ba74-4929bbd2d5cf,41.145994901657104,9.421517002345993e-06,0.0002289777419373,22.5,2.645,0.0607938766479492,0.0002571374714374,2.886063570857049e-05,6.705503449610243e-07,0.0002866686574909,Switzerland,CHE,vaud,,,Windows-10-10.0.22000-SP0,3.9.15,12,Intel(R) Core(TM) i7-9750H CPU @ 2.60GHz,1,1 x NVIDIA GeForce GTX 1660 Ti with Max-Q Design,6.607,46.488,15.814472198486328,process,N
2022-12-04T10:49:08,codecarbon,a57b4d71-42d3-4905-ba74-4929bbd2d5cf,41.26899600028992,9.44924417262779e-06,0.0002289671445499,22.5,2.378000000000001,0.0616307258605957,0.0002579062283039,2.893395883295272e-05,6.721254341631303e-07,0.000287512312571,Switzerland,CHE,vaud,,,Windows-10-10.0.22000-SP0,3.9.15,12,Intel(R) Core(TM) i7-9750H CPU @ 2.60GHz,1,1 x NVIDIA GeForce GTX 1660 Ti with Max-Q Design,6.607,46.488,15.814472198486328,process,N
2022-12-04T10:49:09,codecarbon,a57b4d71-42d3-4905-ba74-4929bbd2d5cf,41.98499631881714,9.612171571394062e-06,0.0002289430133184,22.5,2.4170000000000003,0.0617494583129882,0.0002623812302947,2.940460194720163e-05,6.838750524100115e-07,0.0002924697072943,Switzerland,CHE,vaud,,,Windows-10-10.0.22000-SP0,3.9.15,12,Intel(R) Core(TM) i7-9750H CPU @ 2.60GHz,1,1 x NVIDIA GeForce GTX 1660 Ti with Max-Q Design,6.607,46.488,15.814472198486328,process,N
2022-12-04T10:53:59,codecarbon,a57b4d71-42d3-4905-ba74-4929bbd2d5cf,332.459997177124,8.025047485108453e-05,0.0002413838522904,22.5,4.0760000000000005,0.0617537498474121,0.0020778499856591,0.0003582664735862,5.666099003548292e-06,0.0024417825582489,Switzerland,CHE,vaud,,,Windows-10-10.0.22000-SP0,3.9.15,12,Intel(R) Core(TM) i7-9750H CPU @ 2.60GHz,1,1 x NVIDIA GeForce GTX 1660 Ti with Max-Q Design,6.607,46.488,15.814472198486328,process,N
2022-12-04T10:53:59,codecarbon,a57b4d71-42d3-4905-ba74-4929bbd2d5cf,332.5419976711273,8.026994258412013e-05,0.0002413828723778,22.5,4.306,0.0621314048767089,0.0020783624887466,0.000358345418042,5.666996503227134e-06,0.0024423749032919,Switzerland,CHE,vaud,,,Windows-10-10.0.22000-SP0,3.9.15,12,Intel(R) Core(TM) i7-9750H CPU @ 2.60GHz,1,1 x NVIDIA GeForce GTX 1660 Ti with Max-Q Design,6.607,46.488,15.814472198486328,process,N
2022-12-04T10:53:59,codecarbon,a57b4d71-42d3-4905-ba74-4929bbd2d5cf,332.59299540519714,8.028171767727908e-05,0.0002413812641468,22.5,4.306,0.0621399879455566,0.0020786749735474,0.0003583908689661,5.667341737399264e-06,0.002442733184251,Switzerland,CHE,vaud,,,Windows-10-10.0.22000-SP0,3.9.15,12,Intel(R) Core(TM) i7-9750H CPU @ 2.60GHz,1,1 x NVIDIA GeForce GTX 1660 Ti with Max-Q Design,6.607,46.488,15.814472198486328,process,N
2022-12-04T10:54:00,codecarbon,a57b4d71-42d3-4905-ba74-4929bbd2d5cf,332.8589971065521,8.03459699210019e-05,0.000241381397587,22.5,4.188,0.0639939308166503,0.0020803374841809,0.0003586793805166,5.67132366210141e-06,0.0024446881883596,Switzerland,CHE,vaud,,,Windows-10-10.0.22000-SP0,3.9.15,12,Intel(R) Core(TM) i7-9750H CPU @ 2.60GHz,1,1 x NVIDIA GeForce GTX 1660 Ti with Max-Q Design,6.607,46.488,15.814472198486328,process,N
2022-12-04T10:54:00,codecarbon,a57b4d71-42d3-4905-ba74-4929bbd2d5cf,332.91699957847595,8.035966672085215e-05,0.0002413804846931,22.5,4.397000000000001,0.0639982223510742,0.0020806999996304,0.0003587331200622,5.671821428121386e-06,0.0024451049411207,Switzerland,CHE,vaud,,,Windows-10-10.0.22000-SP0,3.9.15,12,Intel(R) Core(TM) i7-9750H CPU @ 2.60GHz,1,1 x NVIDIA GeForce GTX 1660 Ti with Max-Q Design,6.607,46.488,15.814472198486328,process,N
2022-12-04T10:54:00,codecarbon,a57b4d71-42d3-4905-ba74-4929bbd2d5cf,333.39399671554565,8.047673640699766e-05,0.0002413862792966,22.5,4.487,0.0933308601379394,0.0020836812317371,0.0003593027177257,5.683072982211381e-06,0.002448667022445,Switzerland,CHE,vaud,,,Windows-10-10.0.22000-SP0,3.9.15,12,Intel(R) Core(TM) i7-9750H CPU @ 2.60GHz,1,1 x NVIDIA GeForce GTX 1660 Ti with Max-Q Design,6.607,46.488,15.814472198486328,process,N
2022-12-04T10:54:03,codecarbon,a57b4d71-42d3-4905-ba74-4929bbd2d5cf,336.0349962711334,8.113060619647856e-05,0.0002414349906907,22.5,4.555,0.0936012268066406,0.0021001874789595,0.0003626240727973,5.7507778533850265e-06,0.0024685623296103,Switzerland,CHE,vaud,,,Windows-10-10.0.22000-SP0,3.9.15,12,Intel(R) Core(TM) i7-9750H CPU @ 2.60GHz,1,1 x NVIDIA GeForce GTX 1660 Ti with Max-Q Design,6.607,46.488,15.814472198486328,process,N
2022-12-04T10:54:03,codecarbon,a57b4d71-42d3-4905-ba74-4929bbd2d5cf,336.09499740600586,8.114482372760221e-05,0.0002414341907909,22.5,4.555,0.0936298370361328,0.0021005624860525,0.0003626810125055,5.7514281126738825e-06,0.0024689949266707,Switzerland,CHE,vaud,,,Windows-10-10.0.22000-SP0,3.9.15,12,Intel(R) Core(TM) i7-9750H CPU @ 2.60GHz,1,1 x NVIDIA GeForce GTX 1660 Ti with Max-Q Design,6.607,46.488,15.814472198486328,process,N
2022-12-04T10:54:03,codecarbon,a57b4d71-42d3-4905-ba74-4929bbd2d5cf,336.1689999103546,8.116205628914929e-05,0.0002414323043195,22.5,4.248,0.0936341285705566,0.0021010187476873,0.0003627482800092,5.752234416331797e-06,0.0024695192621129,Switzerland,CHE,vaud,,,Windows-10-10.0.22000-SP0,3.9.15,12,Intel(R) Core(TM) i7-9750H CPU @ 2.60GHz,1,1 x NVIDIA GeForce GTX 1660 Ti with Max-Q Design,6.607,46.488,15.814472198486328,process,N
2022-12-04T10:54:04,codecarbon,a57b4d71-42d3-4905-ba74-4929bbd2d5cf,336.6959955692291,8.129156634457046e-05,0.0002414390649557,22.5,4.504,0.0938830375671386,0.0021043124705553,0.000363382591813,5.764804395681058e-06,0.0024734598667639,Switzerland,CHE,vaud,,,Windows-10-10.0.22000-SP0,3.9.15,12,Intel(R) Core(TM) i7-9750H CPU @ 2.60GHz,1,1 x NVIDIA GeForce GTX 1660 Ti with Max-Q Design,6.607,46.488,15.814472198486328,process,N
2022-12-04T10:54:04,codecarbon,a57b4d71-42d3-4905-ba74-4929bbd2d5cf,336.7599971294403,8.130654455133817e-05,0.0002414376566231,22.5,4.037,0.0938830375671386,0.0021047124803066,0.0003634375417678,5.765586840628126e-06,0.0024739156089151,Switzerland,CHE,vaud,,,Windows-10-10.0.22000-SP0,3.9.15,12,Intel(R) Core(TM) i7-9750H CPU @ 2.60GHz,1,1 x NVIDIA GeForce GTX 1660 Ti with Max-Q Design,6.607,46.488,15.814472198486328,process,N
2022-12-04T10:54:04,codecarbon,a57b4d71-42d3-4905-ba74-4929bbd2d5cf,337.3519997596741,8.144226250352109e-05,0.0002414162730961,22.5,2.589,0.0939874649047851,0.0021084124967455,0.0003638525018933,5.7801027071788736e-06,0.0024780451013461,Switzerland,CHE,vaud,,,Windows-10-10.0.22000-SP0,3.9.15,12,Intel(R) Core(TM) i7-9750H CPU @ 2.60GHz,1,1 x NVIDIA GeForce GTX 1660 Ti with Max-Q Design,6.607,46.488,15.814472198486328,process,N
2022-12-04T10:54:05,codecarbon,a57b4d71-42d3-4905-ba74-4929bbd2d5cf,338.58900117874146,8.172655577392831e-05,0.0002413739238114,22.5,2.615,0.0940303802490234,0.0021161437556147,0.0003647401479919,5.811393895829155e-06,0.0024866952975025,Switzerland,CHE,vaud,,,Windows-10-10.0.22000-SP0,3.9.15,12,Intel(R) Core(TM) i7-9750H CPU @ 2.60GHz,1,1 x NVIDIA GeForce GTX 1660 Ti with Max-Q Design,6.607,46.488,15.814472198486328,process,N
2022-12-04T10:54:05,codecarbon,a57b4d71-42d3-4905-ba74-4929bbd2d5cf,338.6690003871918,8.174468661745049e-05,0.0002413704428925,22.5,2.756,0.0940403938293457,0.0021166437506675,0.000364790671179,5.812543139061574e-06,0.0024872469649856,Switzerland,CHE,vaud,,,Windows-10-10.0.22000-SP0,3.9.15,12,Intel(R) Core(TM) i7-9750H CPU @ 2.60GHz,1,1 x NVIDIA GeForce GTX 1660 Ti with Max-Q Design,6.607,46.488,15.814472198486328,process,N
2022-12-04T10:54:06,codecarbon,a57b4d71-42d3-4905-ba74-4929bbd2d5cf,338.7479958534241,8.176248115060969e-05,0.0002413666860068,22.5,2.661,0.0940446853637695,0.0021171374723315,0.0003648372347751,5.813692440968054e-06,0.0024877883995476,Switzerland,CHE,vaud,,,Windows-10-10.0.22000-SP0,3.9.15,12,Intel(R) Core(TM) i7-9750H CPU @ 2.60GHz,1,1 x NVIDIA GeForce GTX 1660 Ti with Max-Q Design,6.607,46.488,15.814472198486328,process,N
2022-12-04T10:54:08,codecarbon,a57b4d71-42d3-4905-ba74-4929bbd2d5cf,341.50399470329285,8.239843435736878e-05,0.0002412810263872,22.5,2.7,0.0908474922180175,0.0021343624651432,0.0003668937353888,5.882358014762303e-06,0.0025071385585468,Switzerland,CHE,vaud,,,Windows-10-10.0.22000-SP0,3.9.15,12,Intel(R) Core(TM) i7-9750H CPU @ 2.60GHz,1,1 x NVIDIA GeForce GTX 1660 Ti with Max-Q Design,6.607,46.488,15.814472198486328,process,N
2022-12-04T10:54:08,codecarbon,a57b4d71-42d3-4905-ba74-4929bbd2d5cf,341.5829973220825,8.241650264454893e-05,0.0002412781177361,22.5,2.986,0.0920963287353515,0.0021348562315106,0.0003669484795005,5.883611615852259e-06,0.002507688322627,Switzerland,CHE,vaud,,,Windows-10-10.0.22000-SP0,3.9.15,12,Intel(R) Core(TM) i7-9750H CPU @ 2.60GHz,1,1 x NVIDIA GeForce GTX 1660 Ti with Max-Q Design,6.607,46.488,15.814472198486328,process,N
2022-12-04T10:54:11,codecarbon,a57b4d71-42d3-4905-ba74-4929bbd2d5cf,343.88599491119385,8.294527609365266e-05,0.0002411999247456,22.5,2.572,0.0937399864196777,0.0021492499664425,0.0003685845569103,5.942797970731134e-06,0.0025237773213237,Switzerland,CHE,vaud,,,Windows-10-10.0.22000-SP0,3.9.15,12,Intel(R) Core(TM) i7-9750H CPU @ 2.60GHz,1,1 x NVIDIA GeForce GTX 1660 Ti with Max-Q Design,6.607,46.488,15.814472198486328,process,N
2022-12-04T10:55:18,codecarbon,a57b4d71-42d3-4905-ba74-4929bbd2d5cf,411.0299918651581,9.84165317033755e-05,0.0002394388089705,22.5,2.646,0.0940661430358886,0.0025688999474048,0.0004179251045411,7.696425996476534e-06,0.0029945214779425,Switzerland,CHE,vaud,,,Windows-10-10.0.22000-SP0,3.9.15,12,Intel(R) Core(TM) i7-9750H CPU @ 2.60GHz,1,1 x NVIDIA GeForce GTX 1660 Ti with Max-Q Design,6.607,46.488,15.814472198486328,process,N
2022-12-04T10:55:18,codecarbon,a57b4d71-42d3-4905-ba74-4929bbd2d5cf,411.08099246025085,9.842791957577476e-05,0.0002394368053523,22.5,2.646,0.0940690040588379,0.0025692187011241,0.0004179523010748,7.696974729941245e-06,0.0029948679769289,Switzerland,CHE,vaud,,,Windows-10-10.0.22000-SP0,3.9.15,12,Intel(R) Core(TM) i7-9750H CPU @ 2.60GHz,1,1 x NVIDIA GeForce GTX 1660 Ti with Max-Q Design,6.607,46.488,15.814472198486328,process,N
2022-12-04T10:55:18,codecarbon,a57b4d71-42d3-4905-ba74-4929bbd2d5cf,411.1389968395233,9.844099687248172e-05,0.0002394348325729,22.5,2.9070000000000005,0.0940690040588379,0.0025695812284946,0.000417987023561,7.697628001865741e-06,0.0029952658800575,Switzerland,CHE,vaud,,,Windows-10-10.0.22000-SP0,3.9.15,12,Intel(R) Core(TM) i7-9750H CPU @ 2.60GHz,1,1 x NVIDIA GeForce GTX 1660 Ti with Max-Q Design,6.607,46.488,15.814472198486328,process,N
2022-12-04T10:55:18,codecarbon,a57b4d71-42d3-4905-ba74-4929bbd2d5cf,411.18799328804016,9.84520636375416e-05,0.0002394332160583,22.5,2.9070000000000005,0.0940718650817871,0.0025698874562978,0.0004180168973553,7.698255052336832e-06,0.0029956026087055,Switzerland,CHE,vaud,,,Windows-10-10.0.22000-SP0,3.9.15,12,Intel(R) Core(TM) i7-9750H CPU @ 2.60GHz,1,1 x NVIDIA GeForce GTX 1660 Ti with Max-Q Design,6.607,46.488,15.814472198486328,process,N
2022-12-04T10:55:18,codecarbon,a57b4d71-42d3-4905-ba74-4929bbd2d5cf,411.2299916744232,9.84614715839564e-05,0.0002394316406326,22.5,2.895,0.0940732955932617,0.0025701499462127,0.0004180402184156,7.698699822096745e-06,0.0029958888644505,Switzerland,CHE,vaud,,,Windows-10-10.0.22000-SP0,3.9.15,12,Intel(R) Core(TM) i7-9750H CPU @ 2.60GHz,1,1 x NVIDIA GeForce GTX 1660 Ti with Max-Q Design,6.607,46.488,15.814472198486328,process,N
2022-12-04T10:55:18,codecarbon,a57b4d71-42d3-4905-ba74-4929bbd2d5cf,411.2859959602356,9.847419142285752e-05,0.0002394299645261,22.5,2.895,0.0940747261047363,0.002570499972999,0.000418076408086,7.699510119205302e-06,0.0029962758912043,Switzerland,CHE,vaud,,,Windows-10-10.0.22000-SP0,3.9.15,12,Intel(R) Core(TM) i7-9750H CPU @ 2.60GHz,1,1 x NVIDIA GeForce GTX 1660 Ti with Max-Q Design,6.607,46.488,15.814472198486328,process,N
2022-12-04T10:55:18,codecarbon,a57b4d71-42d3-4905-ba74-4929bbd2d5cf,411.391991853714,9.849869952929898e-05,0.000239427848572,22.5,3.0730000000000004,0.0940761566162109,0.0025711624473333,0.0004181574995378,7.701652903139307e-06,0.0029970215997743,Switzerland,CHE,vaud,,,Windows-10-10.0.22000-SP0,3.9.15,12,Intel(R) Core(TM) i7-9750H CPU @ 2.60GHz,1,1 x NVIDIA GeForce GTX 1660 Ti with Max-Q Design,6.607,46.488,15.814472198486328,process,N
2022-12-04T10:55:18,codecarbon,a57b4d71-42d3-4905-ba74-4929bbd2d5cf,411.48699259758,9.852038317400884e-05,0.0002394252672534,22.5,2.819,0.094083309173584,0.0025717562019824,0.0004182217101068,7.703456310025177e-06,0.0029976813683993,Switzerland,CHE,vaud,,,Windows-10-10.0.22000-SP0,3.9.15,12,Intel(R) Core(TM) i7-9750H CPU @ 2.60GHz,1,1 x NVIDIA GeForce GTX 1660 Ti with Max-Q Design,6.607,46.488,15.814472198486328,process,N
2022-12-04T10:55:18,codecarbon,a57b4d71-42d3-4905-ba74-4929bbd2d5cf,411.5929925441742,9.85446581728166e-05,0.0002394225848299,22.5,2.84,0.0940861701965332,0.0025724187016487,0.0004182958659302,7.705416620518498e-06,0.0029984199841994,Switzerland,CHE,vaud,,,Windows-10-10.0.22000-SP0,3.9.15,12,Intel(R) Core(TM) i7-9750H CPU @ 2.60GHz,1,1 x NVIDIA GeForce GTX 1660 Ti with Max-Q Design,6.607,46.488,15.814472198486328,process,N
2022-12-04T10:55:44,codecarbon,a57b4d71-42d3-4905-ba74-4929bbd2d5cf,437.1449944972992,0.000104482263321,0.0002390105448679,22.5,2.861,0.0940918922424316,0.0027321187138557,0.0004385922762224,8.372606588751615e-06,0.0031790835966669,Switzerland,CHE,vaud,,,Windows-10-10.0.22000-SP0,3.9.15,12,Intel(R) Core(TM) i7-9750H CPU @ 2.60GHz,1,1 x NVIDIA GeForce GTX 1660 Ti with Max-Q Design,6.607,46.488,15.814472198486328,process,N
2022-12-04T10:55:44,codecarbon,a57b4d71-42d3-4905-ba74-4929bbd2d5cf,437.2659919261933,0.0001045098219465,0.0002390074322637,22.5,2.715,0.0940961837768554,0.0027328749477863,0.0004386722165901,8.374959053420049e-06,0.0031799221234299,Switzerland,CHE,vaud,,,Windows-10-10.0.22000-SP0,3.9.15,12,Intel(R) Core(TM) i7-9750H CPU @ 2.60GHz,1,1 x NVIDIA GeForce GTX 1660 Ti with Max-Q Design,6.607,46.488,15.814472198486328,process,N
2022-12-04T10:55:45,codecarbon,a57b4d71-42d3-4905-ba74-4929bbd2d5cf,437.9749934673309,0.00010467285945,0.0002389927758692,22.5,2.651,0.0940961837768554,0.0027373062074184,0.0004391840064676,8.392654427049798e-06,0.0031848828683131,Switzerland,CHE,vaud,,,Windows-10-10.0.22000-SP0,3.9.15,12,Intel(R) Core(TM) i7-9750H CPU @ 2.60GHz,1,1 x NVIDIA GeForce GTX 1660 Ti with Max-Q Design,6.607,46.488,15.814472198486328,process,N
2022-12-04T11:01:15,codecarbon,a57b4d71-42d3-4905-ba74-4929bbd2d5cf,767.8894641399384,0.0001803858439716,0.0002349112110474,22.5,2.544,0.0940947532653808,0.0047992716491222,0.0006723164952079,1.7014987083337773e-05,0.0054886031314135,Switzerland,CHE,vaud,,,Windows-10-10.0.22000-SP0,3.9.15,12,Intel(R) Core(TM) i7-9750H CPU @ 2.60GHz,1,1 x NVIDIA GeForce GTX 1660 Ti with Max-Q Design,6.607,46.488,15.814472198486328,process,N
2022-12-04T11:01:15,codecarbon,a57b4d71-42d3-4905-ba74-4929bbd2d5cf,767.9294619560242,0.0001803947932558,0.0002349106294168,22.5,2.615,0.0940947532653808,0.0047995216354727,0.000672338286161,1.7015509800310245e-05,0.0054888754314341,Switzerland,CHE,vaud,,,Windows-10-10.0.22000-SP0,3.9.15,12,Intel(R) Core(TM) i7-9750H CPU @ 2.60GHz,1,1 x NVIDIA GeForce GTX 1660 Ti with Max-Q Design,6.607,46.488,15.814472198486328,process,N
2022-12-04T11:01:15,codecarbon,a57b4d71-42d3-4905-ba74-4929bbd2d5cf,767.9794616699219,0.0001804060356571,0.0002349099743694,22.5,2.615,0.0940961837768554,0.0047998341336846,0.0006723673378788,1.7016032606242197e-05,0.0054892175041697,Switzerland,CHE,vaud,,,Windows-10-10.0.22000-SP0,3.9.15,12,Intel(R) Core(TM) i7-9750H CPU @ 2.60GHz,1,1 x NVIDIA GeForce GTX 1660 Ti with Max-Q Design,6.607,46.488,15.814472198486328,process,N
2022-12-04T11:01:15,codecarbon,a57b4d71-42d3-4905-ba74-4929bbd2d5cf,768.0394561290741,0.0001804196322467,0.0002349093276484,22.5,2.733,0.0940961837768554,0.0048002090990543,0.000672405292194,1.7016816584565596e-05,0.0054896312078329,Switzerland,CHE,vaud,,,Windows-10-10.0.22000-SP0,3.9.15,12,Intel(R) Core(TM) i7-9750H CPU @ 2.60GHz,1,1 x NVIDIA GeForce GTX 1660 Ti with Max-Q Design,6.607,46.488,15.814472198486328,process,N
2022-12-04T11:01:15,codecarbon,a57b4d71-42d3-4905-ba74-4929bbd2d5cf,768.0994565486908,0.0001804332216376,0.0002349086698334,22.5,2.733,0.09409761428833,0.0048005841016769,0.0006724432513961,1.7017339385981907e-05,0.005490044692459,Switzerland,CHE,vaud,,,Windows-10-10.0.22000-SP0,3.9.15,12,Intel(R) Core(TM) i7-9750H CPU @ 2.60GHz,1,1 x NVIDIA GeForce GTX 1660 Ti with Max-Q Design,6.607,46.488,15.814472198486328,process,N
2022-12-04T11:01:15,codecarbon,a57b4d71-42d3-4905-ba74-4929bbd2d5cf,768.1794559955597,0.0001804511851377,0.0002349075905758,22.5,2.732,0.09409761428833,0.0048010840982198,0.0006724887850479,1.701838491403246e-05,0.0054905912681818,Switzerland,CHE,vaud,,,Windows-10-10.0.22000-SP0,3.9.15,12,Intel(R) Core(TM) i7-9750H CPU @ 2.60GHz,1,1 x NVIDIA GeForce GTX 1660 Ti with Max-Q Design,6.607,46.488,15.814472198486328,process,N
2022-12-04T11:01:15,codecarbon,a57b4d71-42d3-4905-ba74-4929bbd2d5cf,768.3394539356232,0.0001804875142104,0.0002349059563269,22.5,2.448,0.0941004753112793,0.0048020840853452,0.0006725907851127,1.7021783033367606e-05,0.0054916966534914,Switzerland,CHE,vaud,,,Windows-10-10.0.22000-SP0,3.9.15,12,Intel(R) Core(TM) i7-9750H CPU @ 2.60GHz,1,1 x NVIDIA GeForce GTX 1660 Ti with Max-Q Design,6.607,46.488,15.814472198486328,process,N
2022-12-04T11:01:15,codecarbon,a57b4d71-42d3-4905-ba74-4929bbd2d5cf,768.4194574356079,0.0001805055551596,0.0002349049772399,22.5,2.448,0.0941019058227539,0.0048025841072201,0.000672638388472,1.7023090065356617e-05,0.0054922455857575,Switzerland,CHE,vaud,,,Windows-10-10.0.22000-SP0,3.9.15,12,Intel(R) Core(TM) i7-9750H CPU @ 2.60GHz,1,1 x NVIDIA GeForce GTX 1660 Ti with Max-Q Design,6.607,46.488,15.814472198486328,process,N
2022-12-04T11:01:15,codecarbon,a57b4d71-42d3-4905-ba74-4929bbd2d5cf,768.499454498291,0.0001805237556946,0.0002349042079835,22.5,2.7,0.0941033363342285,0.0048030840888619,0.0006726908878854,1.7024396998802635e-05,0.0054927993737462,Switzerland,CHE,vaud,,,Windows-10-10.0.22000-SP0,3.9.15,12,Intel(R) Core(TM) i7-9750H CPU @ 2.60GHz,1,1 x NVIDIA GeForce GTX 1660 Ti with Max-Q Design,6.607,46.488,15.814472198486328,process,N
2022-12-04T11:01:18,codecarbon,a57b4d71-42d3-4905-ba74-4929bbd2d5cf,771.6632115840912,0.0001812478005288,0.0002348794108725,22.5,2.486,0.0909819602966308,0.0048228575706481,0.0006748687318746,1.7103595663199374e-05,0.005514829898186,Switzerland,CHE,vaud,,,Windows-10-10.0.22000-SP0,3.9.15,12,Intel(R) Core(TM) i7-9750H CPU @ 2.60GHz,1,1 x NVIDIA GeForce GTX 1660 Ti with Max-Q Design,6.607,46.488,15.814472198486328,process,N
2022-12-04T11:01:19,codecarbon,a57b4d71-42d3-4905-ba74-4929bbd2d5cf,771.7532114982605,0.000181268036356,0.0002348782404211,22.5,2.6710000000000003,0.0922050476074218,0.0048234200701117,0.0006749206675824,1.7104876348704278e-05,0.0055154456140428,Switzerland,CHE,vaud,,,Windows-10-10.0.22000-SP0,3.9.15,12,Intel(R) Core(TM) i7-9750H CPU @ 2.60GHz,1,1 x NVIDIA GeForce GTX 1660 Ti with Max-Q Design,6.607,46.488,15.814472198486328,process,N
2022-12-04T11:01:21,codecarbon,a57b4d71-42d3-4905-ba74-4929bbd2d5cf,774.046783208847,0.0001817930269592,0.0002348605160603,22.5,2.491,0.0937843322753906,0.0048377548933029,0.0006765007733374,1.7163845383591745e-05,0.0055314195120239,Switzerland,CHE,vaud,,,Windows-10-10.0.22000-SP0,3.9.15,12,Intel(R) Core(TM) i7-9750H CPU @ 2.60GHz,1,1 x NVIDIA GeForce GTX 1660 Ti with Max-Q Design,6.607,46.488,15.814472198486328,process,N
2022-12-04T11:02:28,codecarbon,a57b4d71-42d3-4905-ba74-4929bbd2d5cf,841.2282075881958,0.0001972900719055,0.0002345262202644,22.5,2.6740000000000004,0.0941019058227539,0.0052576387956738,0.0007263904994616,1.891906608590413e-05,0.0060029483612214,Switzerland,CHE,vaud,,,Windows-10-10.0.22000-SP0,3.9.15,12,Intel(R) Core(TM) i7-9750H CPU @ 2.60GHz,1,1 x NVIDIA GeForce GTX 1660 Ti with Max-Q Design,6.607,46.488,15.814472198486328,process,N
2022-12-04T11:02:28,codecarbon,a57b4d71-42d3-4905-ba74-4929bbd2d5cf,841.3022079467773,0.0001973064640572,0.0002345250757617,22.5,2.6740000000000004,0.0941147804260253,0.005258095049858,0.0007264320944817,1.891998116152043e-05,0.0060034471255013,Switzerland,CHE,vaud,,,Windows-10-10.0.22000-SP0,3.9.15,12,Intel(R) Core(TM) i7-9750H CPU @ 2.60GHz,1,1 x NVIDIA GeForce GTX 1660 Ti with Max-Q Design,6.607,46.488,15.814472198486328,process,N
2022-12-04T11:02:28,codecarbon,a57b4d71-42d3-4905-ba74-4929bbd2d5cf,841.3612070083618,0.0001973199189028,0.000234524621838,22.5,3.128,0.0941147804260253,0.0052584637939929,0.0007264720615094,1.8920660811414697e-05,0.0060038565163139,Switzerland,CHE,vaud,,,Windows-10-10.0.22000-SP0,3.9.15,12,Intel(R) Core(TM) i7-9750H CPU @ 2.60GHz,1,1 x NVIDIA GeForce GTX 1660 Ti with Max-Q Design,6.607,46.488,15.814472198486328,process,N
2022-12-04T11:02:28,codecarbon,a57b4d71-42d3-4905-ba74-4929bbd2d5cf,841.6312985420227,0.0001973823324709,0.0002345235173797,22.5,2.854,0.0941147804260253,0.0052601518660783,0.0007266766684073,1.8927040523743795e-05,0.0060057555750094,Switzerland,CHE,vaud,,,Windows-10-10.0.22000-SP0,3.9.15,12,Intel(R) Core(TM) i7-9750H CPU @ 2.60GHz,1,1 x NVIDIA GeForce GTX 1660 Ti with Max-Q Design,6.607,46.488,15.814472198486328,process,N
2022-12-04T11:02:28,codecarbon,a57b4d71-42d3-4905-ba74-4929bbd2d5cf,841.6783266067505,0.0001973928703216,0.0002345229336217,22.5,2.854,0.0941147804260253,0.0052604457914829,0.0007267028546396,1.8927564249520022e-05,0.006006076210372,Switzerland,CHE,vaud,,,Windows-10-10.0.22000-SP0,3.9.15,12,Intel(R) Core(TM) i7-9750H CPU @ 2.60GHz,1,1 x NVIDIA GeForce GTX 1660 Ti with Max-Q Design,6.607,46.488,15.814472198486328,process,N
2022-12-04T11:02:29,codecarbon,a57b4d71-42d3-4905-ba74-4929bbd2d5cf,842.090934753418,0.0001974885637578,0.0002345216598438,22.5,2.893,0.0941147804260253,0.0052630245923995,0.0007270255939652,1.8937689811904668e-05,0.0060089878761767,Switzerland,CHE,vaud,,,Windows-10-10.0.22000-SP0,3.9.15,12,Intel(R) Core(TM) i7-9750H CPU @ 2.60GHz,1,1 x NVIDIA GeForce GTX 1660 Ti with Max-Q Design,6.607,46.488,15.814472198486328,process,N
2022-12-04T11:02:33,codecarbon,a57b4d71-42d3-4905-ba74-4929bbd2d5cf,845.9889454841614,0.0001983940258083,0.000234511369052,22.5,2.8600000000000003,0.0941162109375,0.0052873871594667,0.0007301122928457,1.903893301895636e-05,0.0060365383853314,Switzerland,CHE,vaud,,,Windows-10-10.0.22000-SP0,3.9.15,12,Intel(R) Core(TM) i7-9750H CPU @ 2.60GHz,1,1 x NVIDIA GeForce GTX 1660 Ti with Max-Q Design,6.607,46.488,15.814472198486328,process,N
2022-12-04T11:02:33,codecarbon,a57b4d71-42d3-4905-ba74-4929bbd2d5cf,846.0346384048462,0.0001984043774748,0.0002345109389952,22.5,3.02,0.0941977500915527,0.005287672740221,0.0007301411400116,1.9039475429010795e-05,0.0060368533556616,Switzerland,CHE,vaud,,,Windows-10-10.0.22000-SP0,3.9.15,12,Intel(R) Core(TM) i7-9750H CPU @ 2.60GHz,1,1 x NVIDIA GeForce GTX 1660 Ti with Max-Q Design,6.607,46.488,15.814472198486328,process,N
2022-12-04T11:02:33,codecarbon,a57b4d71-42d3-4905-ba74-4929bbd2d5cf,846.0836367607117,0.0001984155070373,0.0002345105122195,22.5,3.02,0.0941991806030273,0.0052879789799451,0.0007301730162789,1.903999882591705e-05,0.00603719199505,Switzerland,CHE,vaud,,,Windows-10-10.0.22000-SP0,3.9.15,12,Intel(R) Core(TM) i7-9750H CPU @ 2.60GHz,1,1 x NVIDIA GeForce GTX 1660 Ti with Max-Q Design,6.607,46.488,15.814472198486328,process,N
2022-12-04T11:02:33,codecarbon,a57b4d71-42d3-4905-ba74-4929bbd2d5cf,846.1572740077972,0.0001984322990102,0.000234509948807,22.5,2.973,0.0941991806030273,0.0052884392127394,0.0007302226402638,1.904107169069363e-05,0.0060377029246939,Switzerland,CHE,vaud,,,Windows-10-10.0.22000-SP0,3.9.15,12,Intel(R) Core(TM) i7-9750H CPU @ 2.60GHz,1,1 x NVIDIA GeForce GTX 1660 Ti with Max-Q Design,6.607,46.488,15.814472198486328,process,N
2022-12-04T11:02:33,codecarbon,a57b4d71-42d3-4905-ba74-4929bbd2d5cf,846.2184987068176,0.0001984462143584,0.0002345094259481,22.5,2.973,0.0942006111145019,0.0052888218671083,0.0007302626699974,1.904179012229719e-05,0.006038126327228,Switzerland,CHE,vaud,,,Windows-10-10.0.22000-SP0,3.9.15,12,Intel(R) Core(TM) i7-9750H CPU @ 2.60GHz,1,1 x NVIDIA GeForce GTX 1660 Ti with Max-Q Design,6.607,46.488,15.814472198486328,process,N
2022-12-04T11:02:33,codecarbon,a57b4d71-42d3-4905-ba74-4929bbd2d5cf,846.2869200706482,0.0001984617359458,0.0002345088069295,22.5,2.89,0.0942020416259765,0.0052892495006322,0.0007303063588821,1.9042743316672484e-05,0.006038598602831,Switzerland,CHE,vaud,,,Windows-10-10.0.22000-SP0,3.9.15,12,Intel(R) Core(TM) i7-9750H CPU @ 2.60GHz,1,1 x NVIDIA GeForce GTX 1660 Ti with Max-Q Design,6.607,46.488,15.814472198486328,process,N
2022-12-04T11:02:33,codecarbon,a57b4d71-42d3-4905-ba74-4929bbd2d5cf,846.5077664852142,0.0001985123635217,0.0002345074332229,22.5,2.689,0.0942020416259765,0.0052906297907233,0.0007304615692413,1.904768897716177e-05,0.0060401390489418,Switzerland,CHE,vaud,,,Windows-10-10.0.22000-SP0,3.9.15,12,Intel(R) Core(TM) i7-9750H CPU @ 2.60GHz,1,1 x NVIDIA GeForce GTX 1660 Ti with Max-Q Design,6.607,46.488,15.814472198486328,process,N
2022-12-04T11:02:33,codecarbon,a57b4d71-42d3-4905-ba74-4929bbd2d5cf,846.6741428375244,0.0001985505760833,0.000234506483708,22.5,2.677,0.0942063331604003,0.0052916696429252,0.0007305807399752,1.9051360302177143e-05,0.0060413017432026,Switzerland,CHE,vaud,,,Windows-10-10.0.22000-SP0,3.9.15,12,Intel(R) Core(TM) i7-9750H CPU @ 2.60GHz,1,1 x NVIDIA GeForce GTX 1660 Ti with Max-Q Design,6.607,46.488,15.814472198486328,process,N
2022-12-04T11:02:34,codecarbon,a57b4d71-42d3-4905-ba74-4929bbd2d5cf,846.803228855133,0.0001985800935134,0.0002345055932083,22.5,2.828,0.094207763671875,0.0052924764305353,0.0007306695702422,1.905386976908072e-05,0.0060421998705466,Switzerland,CHE,vaud,,,Windows-10-10.0.22000-SP0,3.9.15,12,Intel(R) Core(TM) i7-9750H CPU @ 2.60GHz,1,1 x NVIDIA GeForce GTX 1660 Ti with Max-Q Design,6.607,46.488,15.814472198486328,process,N
2022-12-04T11:02:34,codecarbon,a57b4d71-42d3-4905-ba74-4929bbd2d5cf,847.2039334774017,0.0001986723977421,0.0002345036299898,22.5,2.741,0.0947670936584472,0.0052949808344244,0.0007309640027099,1.906357574441681e-05,0.0060450084128788,Switzerland,CHE,vaud,,,Windows-10-10.0.22000-SP0,3.9.15,12,Intel(R) Core(TM) i7-9750H CPU @ 2.60GHz,1,1 x NVIDIA GeForce GTX 1660 Ti with Max-Q Design,6.607,46.488,15.814472198486328,process,N
2022-12-04T11:02:34,codecarbon,a57b4d71-42d3-4905-ba74-4929bbd2d5cf,847.3569340705872,0.0001987076460045,0.0002345028854015,22.5,2.93,0.0942120552062988,0.0052959370881319,0.000731077134186,1.9066690037537723e-05,0.0060460809123554,Switzerland,CHE,vaud,,,Windows-10-10.0.22000-SP0,3.9.15,12,Intel(R) Core(TM) i7-9750H CPU @ 2.60GHz,1,1 x NVIDIA GeForce GTX 1660 Ti with Max-Q Design,6.607,46.488,15.814472198486328,process,N
2022-12-04T11:02:35,codecarbon,a57b4d71-42d3-4905-ba74-4929bbd2d5cf,847.7153840065002,0.0001987904815684,0.0002345014439031,22.5,2.878000000000001,0.0964522361755371,0.0052981774002313,0.0007313487218425,1.9075229386847166e-05,0.0060486013514607,Switzerland,CHE,vaud,,,Windows-10-10.0.22000-SP0,3.9.15,12,Intel(R) Core(TM) i7-9750H CPU @ 2.60GHz,1,1 x NVIDIA GeForce GTX 1660 Ti with Max-Q Design,6.607,46.488,15.814472198486328,process,N
2022-12-04T11:02:37,codecarbon,a57b4d71-42d3-4905-ba74-4929bbd2d5cf,850.3719239234924,0.0001994090412178,0.0002344962664075,22.5,2.932,0.0942220687866211,0.0053147807747125,0.0007334976670818,1.914383460379308e-05,0.0060674222763982,Switzerland,CHE,vaud,,,Windows-10-10.0.22000-SP0,3.9.15,12,Intel(R) Core(TM) i7-9750H CPU @ 2.60GHz,1,1 x NVIDIA GeForce GTX 1660 Ti with Max-Q Design,6.607,46.488,15.814472198486328,process,N
2022-12-04T11:02:37,codecarbon,a57b4d71-42d3-4905-ba74-4929bbd2d5cf,850.4319243431091,0.0001994225392051,0.0002344955939409,22.5,2.932,0.0942249298095703,0.0053151557773351,0.0007335326887615,1.914451378859648e-05,0.0060678329798853,Switzerland,CHE,vaud,,,Windows-10-10.0.22000-SP0,3.9.15,12,Intel(R) Core(TM) i7-9750H CPU @ 2.60GHz,1,1 x NVIDIA GeForce GTX 1660 Ti with Max-Q Design,6.607,46.488,15.814472198486328,process,N
2022-12-04T11:02:37,codecarbon,a57b4d71-42d3-4905-ba74-4929bbd2d5cf,850.491063117981,0.0001994358765207,0.000234494970223,22.5,2.905,0.0942249298095703,0.0053155253946781,0.0007335683066008,1.914509333500045e-05,0.0060682387946139,Switzerland,CHE,vaud,,,Windows-10-10.0.22000-SP0,3.9.15,12,Intel(R) Core(TM) i7-9750H CPU @ 2.60GHz,1,1 x NVIDIA GeForce GTX 1660 Ti with Max-Q Design,6.607,46.488,15.814472198486328,process,N
2022-12-04T11:02:37,codecarbon,a57b4d71-42d3-4905-ba74-4929bbd2d5cf,850.5563147068024,0.0001994505879869,0.0002344942769083,22.5,2.853,0.0942263603210449,0.0053159332171082,0.0007336073388371,1.914586470031007e-05,0.0060686864206457,Switzerland,CHE,vaud,,,Windows-10-10.0.22000-SP0,3.9.15,12,Intel(R) Core(TM) i7-9750H CPU @ 2.60GHz,1,1 x NVIDIA GeForce GTX 1660 Ti with Max-Q Design,6.607,46.488,15.814472198486328,process,N
2022-12-04T11:02:37,codecarbon,a57b4d71-42d3-4905-ba74-4929bbd2d5cf,850.6127038002014,0.0001994633242872,0.0002344937048272,22.5,2.853,0.0942277908325195,0.0053162856489419,0.0007336418134895,1.914648583825577e-05,0.0060690739482698,Switzerland,CHE,vaud,,,Windows-10-10.0.22000-SP0,3.9.15,12,Intel(R) Core(TM) i7-9750H CPU @ 2.60GHz,1,1 x NVIDIA GeForce GTX 1660 Ti with Max-Q Design,6.607,46.488,15.814472198486328,process,N
2022-12-04T11:02:38,codecarbon,a57b4d71-42d3-4905-ba74-4929bbd2d5cf,850.7005701065063,0.0001994832919489,0.0002344929566979,22.5,2.9,0.0942277908325195,0.0053168348133564,0.0007336989002686,1.914779102422444e-05,0.0060696815046492,Switzerland,CHE,vaud,,,Windows-10-10.0.22000-SP0,3.9.15,12,Intel(R) Core(TM) i7-9750H CPU @ 2.60GHz,1,1 x NVIDIA GeForce GTX 1660 Ti with Max-Q Design,6.607,46.488,15.814472198486328,process,N
2022-12-04T11:02:38,codecarbon,a57b4d71-42d3-4905-ba74-4929bbd2d5cf,851.1033184528351,0.0001995760070708,0.0002344909281209,22.5,2.744,0.0942292213439941,0.0053193519905209,0.0007339931961268,1.915736258738633e-05,0.0060725025492352,Switzerland,CHE,vaud,,,Windows-10-10.0.22000-SP0,3.9.15,12,Intel(R) Core(TM) i7-9750H CPU @ 2.60GHz,1,1 x NVIDIA GeForce GTX 1660 Ti with Max-Q Design,6.607,46.488,15.814472198486328,process,N
2022-12-04T11:02:38,codecarbon,a57b4d71-42d3-4905-ba74-4929bbd2d5cf,851.1645977497101,0.0001995897590337,0.0002344902026721,22.5,2.825,0.0942320823669433,0.0053197349861264,0.0007340279438549,1.915805046093624e-05,0.0060729209804422,Switzerland,CHE,vaud,,,Windows-10-10.0.22000-SP0,3.9.15,12,Intel(R) Core(TM) i7-9750H CPU @ 2.60GHz,1,1 x NVIDIA GeForce GTX 1660 Ti with Max-Q Design,6.607,46.488,15.814472198486328,process,N
2022-12-04T11:02:38,codecarbon,a57b4d71-42d3-4905-ba74-4929bbd2d5cf,851.2412352561951,0.0001996071539547,0.0002344895262206,22.5,2.817,0.0942363739013671,0.0053202139705419,0.0007340772402071,1.91590452496636e-05,0.0060734502559988,Switzerland,CHE,vaud,,,Windows-10-10.0.22000-SP0,3.9.15,12,Intel(R) Core(TM) i7-9750H CPU @ 2.60GHz,1,1 x NVIDIA GeForce GTX 1660 Ti with Max-Q Design,6.607,46.488,15.814472198486328,process,N
2022-12-04T11:02:38,codecarbon,a57b4d71-42d3-4905-ba74-4929bbd2d5cf,851.3629939556122,0.0001996351770095,0.0002344889059389,22.5,2.995,0.0942535400390625,0.0053209749624133,0.0007341666171733,1.916133437652358e-05,0.0060743029139631,Switzerland,CHE,vaud,,,Windows-10-10.0.22000-SP0,3.9.15,12,Intel(R) Core(TM) i7-9750H CPU @ 2.60GHz,1,1 x NVIDIA GeForce GTX 1660 Ti with Max-Q Design,6.607,46.488,15.814472198486328,process,N
2022-12-04T11:02:38,codecarbon,a57b4d71-42d3-4905-ba74-4929bbd2d5cf,851.4349949359894,0.0001996515861797,0.0002344883489252,22.5,2.995,0.0942535400390625,0.0053214249685406,0.0007342148720076,1.916235551361903e-05,0.0060748021960619,Switzerland,CHE,vaud,,,Windows-10-10.0.22000-SP0,3.9.15,12,Intel(R) Core(TM) i7-9750H CPU @ 2.60GHz,1,1 x NVIDIA GeForce GTX 1660 Ti with Max-Q Design,6.607,46.488,15.814472198486328,process,N
2022-12-04T11:02:39,codecarbon,a57b4d71-42d3-4905-ba74-4929bbd2d5cf,851.6892120838165,0.0001997097926971,0.0002344866999178,22.5,2.754,0.0942564010620117,0.0053230075761675,0.000734397627001,1.9168043584749816e-05,0.0060765732467534,Switzerland,CHE,vaud,,,Windows-10-10.0.22000-SP0,3.9.15,12,Intel(R) Core(TM) i7-9750H CPU @ 2.60GHz,1,1 x NVIDIA GeForce GTX 1660 Ti with Max-Q Design,6.607,46.488,15.814472198486328,process,N
2022-12-04T11:02:40,codecarbon,a57b4d71-42d3-4905-ba74-4929bbd2d5cf,853.4942471981049,0.0002001267047633,0.00023447926617,22.5,2.733,0.0911521911621093,0.0053342890456318,0.000735756662005,1.921292962185779e-05,0.0060892586372587,Switzerland,CHE,vaud,,,Windows-10-10.0.22000-SP0,3.9.15,12,Intel(R) Core(TM) i7-9750H CPU @ 2.60GHz,1,1 x NVIDIA GeForce GTX 1660 Ti with Max-Q Design,6.607,46.488,15.814472198486328,process,N
2022-12-04T11:02:40,codecarbon,a57b4d71-42d3-4905-ba74-4929bbd2d5cf,853.5476379394531,0.0002001387189702,0.0002344786747384,22.5,2.79,0.0915899276733398,0.0053346227377653,0.0007357879651902,1.9213490777560387e-05,0.0060896241937331,Switzerland,CHE,vaud,,,Windows-10-10.0.22000-SP0,3.9.15,12,Intel(R) Core(TM) i7-9750H CPU @ 2.60GHz,1,1 x NVIDIA GeForce GTX 1660 Ti with Max-Q Design,6.607,46.488,15.814472198486328,process,N
2022-12-04T11:02:40,codecarbon,a57b4d71-42d3-4905-ba74-4929bbd2d5cf,853.6096377372742,0.0002001527011389,0.0002344780240175,22.5,2.79,0.0916528701782226,0.0053350102365016,0.0007358251637874,1.921422912988438e-05,0.006090049629419,Switzerland,CHE,vaud,,,Windows-10-10.0.22000-SP0,3.9.15,12,Intel(R) Core(TM) i7-9750H CPU @ 2.60GHz,1,1 x NVIDIA GeForce GTX 1660 Ti with Max-Q Design,6.607,46.488,15.814472198486328,process,N
2022-12-04T11:02:41,codecarbon,a57b4d71-42d3-4905-ba74-4929bbd2d5cf,853.6906509399414,0.000200171227363,0.0002344774739451,22.5,2.949,0.0916543006896972,0.0053355165690183,0.0007358811620947,1.921559603869772e-05,0.0060906133271518,Switzerland,CHE,vaud,,,Windows-10-10.0.22000-SP0,3.9.15,12,Intel(R) Core(TM) i7-9750H CPU @ 2.60GHz,1,1 x NVIDIA GeForce GTX 1660 Ti with Max-Q Design,6.607,46.488,15.814472198486328,process,N
2022-12-04T11:02:41,codecarbon,a57b4d71-42d3-4905-ba74-4929bbd2d5cf,853.7379903793335,0.0002001818666867,0.0002344769343083,22.5,2.754,0.0916585922241211,0.0053358124405145,0.0007359084617146,1.9216147805477327e-05,0.0060909370500346,Switzerland,CHE,vaud,,,Windows-10-10.0.22000-SP0,3.9.15,12,Intel(R) Core(TM) i7-9750H CPU @ 2.60GHz,1,1 x NVIDIA GeForce GTX 1660 Ti with Max-Q Design,6.607,46.488,15.814472198486328,process,N
2022-12-04T11:02:41,codecarbon,a57b4d71-42d3-4905-ba74-4929bbd2d5cf,853.810631275177,0.0002001983614037,0.000234476304312,22.5,2.754,0.0916585922241211,0.0053362664461135,0.0007359550946971,1.921739425838458e-05,0.0060914389350691,Switzerland,CHE,vaud,,,Windows-10-10.0.22000-SP0,3.9.15,12,Intel(R) Core(TM) i7-9750H CPU @ 2.60GHz,1,1 x NVIDIA GeForce GTX 1660 Ti with Max-Q Design,6.607,46.488,15.814472198486328,process,N
2022-12-04T11:02:41,codecarbon,a57b4d71-42d3-4905-ba74-4929bbd2d5cf,854.2763049602509,0.0002003058835694,0.0002344743526262,22.5,2.783,0.0917043685913086,0.0053391769066452,0.0007363050459952,1.922856118781776e-05,0.0060947105138283,Switzerland,CHE,vaud,,,Windows-10-10.0.22000-SP0,3.9.15,12,Intel(R) Core(TM) i7-9750H CPU @ 2.60GHz,1,1 x NVIDIA GeForce GTX 1660 Ti with Max-Q Design,6.607,46.488,15.814472198486328,process,N
2022-12-04T11:02:41,codecarbon,a57b4d71-42d3-4905-ba74-4929bbd2d5cf,854.3213186264038,0.0002003159838901,0.0002344738209415,22.5,2.783,0.0917043685913086,0.0053394582420587,0.0007363305494502,1.9229044947596587e-05,0.0060950178364566,Switzerland,CHE,vaud,,,Windows-10-10.0.22000-SP0,3.9.15,12,Intel(R) Core(TM) i7-9750H CPU @ 2.60GHz,1,1 x NVIDIA GeForce GTX 1660 Ti with Max-Q Design,6.607,46.488,15.814472198486328,process,N
2022-12-04T11:02:41,codecarbon,a57b4d71-42d3-4905-ba74-4929bbd2d5cf,854.3643245697021,0.0002003257485409,0.0002344734474274,22.5,3.132,0.0917072296142578,0.0053397270292043,0.0007363583874324,1.9229529013997347e-05,0.0060953149456507,Switzerland,CHE,vaud,,,Windows-10-10.0.22000-SP0,3.9.15,12,Intel(R) Core(TM) i7-9750H CPU @ 2.60GHz,1,1 x NVIDIA GeForce GTX 1660 Ti with Max-Q Design,6.607,46.488,15.814472198486328,process,N
2022-12-04T11:02:41,codecarbon,a57b4d71-42d3-4905-ba74-4929bbd2d5cf,854.4602882862091,0.0002003477169181,0.0002344728241496,22.5,2.877,0.0917086601257324,0.0053403268024325,0.000736425270967,1.923130443770968e-05,0.0060959833778372,Switzerland,CHE,vaud,,,Windows-10-10.0.22000-SP0,3.9.15,12,Intel(R) Core(TM) i7-9750H CPU @ 2.60GHz,1,1 x NVIDIA GeForce GTX 1660 Ti with Max-Q Design,6.607,46.488,15.814472198486328,process,N
2022-12-04T11:02:41,codecarbon,a57b4d71-42d3-4905-ba74-4929bbd2d5cf,854.5066528320312,0.0002003581701332,0.0002344723349656,22.5,2.877,0.091710090637207,0.0053406165808439,0.0007364530427586,1.9231814387182547e-05,0.0060963014379897,Switzerland,CHE,vaud,,,Windows-10-10.0.22000-SP0,3.9.15,12,Intel(R) Core(TM) i7-9750H CPU @ 2.60GHz,1,1 x NVIDIA GeForce GTX 1660 Ti with Max-Q Design,6.607,46.488,15.814472198486328,process,N
2022-12-04T11:02:41,codecarbon,a57b4d71-42d3-4905-ba74-4929bbd2d5cf,854.5803456306458,0.0002003747719759,0.0002344715426704,22.5,2.891,0.0917258262634277,0.0053410709112882,0.0007365025911798,1.923308006980221e-05,0.0060968065825378,Switzerland,CHE,vaud,,,Windows-10-10.0.22000-SP0,3.9.15,12,Intel(R) Core(TM) i7-9750H CPU @ 2.60GHz,1,1 x NVIDIA GeForce GTX 1660 Ti with Max-Q Design,6.607,46.488,15.814472198486328,process,N
2022-12-04T11:02:42,codecarbon,a57b4d71-42d3-4905-ba74-4929bbd2d5cf,855.2576148509979,0.0002005309441549,0.0002344684697017,22.5,2.7210000000000005,0.0917258262634277,0.0053453038439154,0.0007370049256829,1.924966647692808e-05,0.0061015584360753,Switzerland,CHE,vaud,,,Windows-10-10.0.22000-SP0,3.9.15,12,Intel(R) Core(TM) i7-9750H CPU @ 2.60GHz,1,1 x NVIDIA GeForce GTX 1660 Ti with Max-Q Design,6.607,46.488,15.814472198486328,process,N
2022-12-04T11:02:42,codecarbon,a57b4d71-42d3-4905-ba74-4929bbd2d5cf,855.3025450706482,0.0002005410188738,0.0002344679318793,22.5,2.7210000000000005,0.0917344093322753,0.0053455846577882,0.0007370301366821,1.925018524934557e-05,0.0061018649797198,Switzerland,CHE,vaud,,,Windows-10-10.0.22000-SP0,3.9.15,12,Intel(R) Core(TM) i7-9750H CPU @ 2.60GHz,1,1 x NVIDIA GeForce GTX 1660 Ti with Max-Q Design,6.607,46.488,15.814472198486328,process,N
2022-12-04T11:02:42,codecarbon,a57b4d71-42d3-4905-ba74-4929bbd2d5cf,855.3455457687378,0.0002005507939547,0.0002344675727217,22.5,3.1710000000000003,0.0917344093322753,0.0053458534121513,0.000737058324666,1.925066945313612e-05,0.0061021624062704,Switzerland,CHE,vaud,,,Windows-10-10.0.22000-SP0,3.9.15,12,Intel(R) Core(TM) i7-9750H CPU @ 2.60GHz,1,1 x NVIDIA GeForce GTX 1660 Ti with Max-Q Design,6.607,46.488,15.814472198486328,process,N
2022-12-04T11:02:42,codecarbon,a57b4d71-42d3-4905-ba74-4929bbd2d5cf,855.398640871048,0.0002005628834411,0.0002344671523407,22.5,3.1710000000000003,0.0917344093322753,0.0053461852565407,0.0007370936453286,1.9251351408913893e-05,0.0061025302532783,Switzerland,CHE,vaud,,,Windows-10-10.0.22000-SP0,3.9.15,12,Intel(R) Core(TM) i7-9750H CPU @ 2.60GHz,1,1 x NVIDIA GeForce GTX 1660 Ti with Max-Q Design,6.607,46.488,15.814472198486328,process,N
2022-12-04T11:02:42,codecarbon,a57b4d71-42d3-4905-ba74-4929bbd2d5cf,855.4429724216461,0.0002005728846034,0.0002344666927774,22.5,2.942,0.0917344093322753,0.005346462328732,0.0007371203517895,1.9251878291896767e-05,0.0061028345588134,Switzerland,CHE,vaud,,,Windows-10-10.0.22000-SP0,3.9.15,12,Intel(R) Core(TM) i7-9750H CPU @ 2.60GHz,1,1 x NVIDIA GeForce GTX 1660 Ti with Max-Q Design,6.607,46.488,15.814472198486328,process,N
2022-12-04T11:02:42,codecarbon,a57b4d71-42d3-4905-ba74-4929bbd2d5cf,855.496648311615,0.0002005850816943,0.0002344662391023,22.5,2.942,0.09173583984375,0.0053467978030443,0.0007371552244247,1.9252652434651147e-05,0.0061032056799037,Switzerland,CHE,vaud,,,Windows-10-10.0.22000-SP0,3.9.15,12,Intel(R) Core(TM) i7-9750H CPU @ 2.60GHz,1,1 x NVIDIA GeForce GTX 1660 Ti with Max-Q Design,6.607,46.488,15.814472198486328,process,N
2022-12-04T11:02:43,codecarbon,a57b4d71-42d3-4905-ba74-4929bbd2d5cf,855.7116119861603,0.0002006344362277,0.0002344650153362,22.5,2.733,0.0917387008666992,0.0053481413260102,0.0007373085711305,1.9257493988230765e-05,0.006104707391129,Switzerland,CHE,vaud,,,Windows-10-10.0.22000-SP0,3.9.15,12,Intel(R) Core(TM) i7-9750H CPU @ 2.60GHz,1,1 x NVIDIA GeForce GTX 1660 Ti with Max-Q Design,6.607,46.488,15.814472198486328,process,N
2022-12-04T11:02:43,codecarbon,a57b4d71-42d3-4905-ba74-4929bbd2d5cf,855.7870142459869,0.000200651388688,0.0002344641661393,22.5,2.852,0.0918202400207519,0.0053486125901341,0.0007373524611026,1.925815268977108e-05,0.0061052232039265,Switzerland,CHE,vaud,,,Windows-10-10.0.22000-SP0,3.9.15,12,Intel(R) Core(TM) i7-9750H CPU @ 2.60GHz,1,1 x NVIDIA GeForce GTX 1660 Ti with Max-Q Design,6.607,46.488,15.814472198486328,process,N
2022-12-04T11:02:43,codecarbon,a57b4d71-42d3-4905-ba74-4929bbd2d5cf,855.884651184082,0.0002006735252242,0.0002344632830448,22.5,2.793,0.0913424491882324,0.0053492228209972,0.0007374144849813,1.925944671080173e-05,0.0061058967526894,Switzerland,CHE,vaud,,,Windows-10-10.0.22000-SP0,3.9.15,12,Intel(R) Core(TM) i7-9750H CPU @ 2.60GHz,1,1 x NVIDIA GeForce GTX 1660 Ti with Max-Q Design,6.607,46.488,15.814472198486328,process,N
2022-12-04T11:02:43,codecarbon,a57b4d71-42d3-4905-ba74-4929bbd2d5cf,855.9769382476807,0.0002006943507168,0.0002344623339125,22.5,2.736,0.0914239883422851,0.0053497996151447,0.0007374701822031,1.9260612956668788e-05,0.0061065304103045,Switzerland,CHE,vaud,,,Windows-10-10.0.22000-SP0,3.9.15,12,Intel(R) Core(TM) i7-9750H CPU @ 2.60GHz,1,1 x NVIDIA GeForce GTX 1660 Ti with Max-Q Design,6.607,46.488,15.814472198486328,process,N
2022-12-04T11:02:43,codecarbon,a57b4d71-42d3-4905-ba74-4929bbd2d5cf,856.0652930736542,0.0002007142990132,0.0002344614372726,22.5,2.745,0.0913724899291992,0.005350351832807,0.0007375238260257,1.926171862502315e-05,0.0061071373774578,Switzerland,CHE,vaud,,,Windows-10-10.0.22000-SP0,3.9.15,12,Intel(R) Core(TM) i7-9750H CPU @ 2.60GHz,1,1 x NVIDIA GeForce GTX 1660 Ti with Max-Q Design,6.607,46.488,15.814472198486328,process,N
2022-12-04T11:02:43,codecarbon,a57b4d71-42d3-4905-ba74-4929bbd2d5cf,856.164892911911,0.0002007367978344,0.0002344604403851,22.5,2.753,0.0918631553649902,0.0053509743317961,0.0007375845612449,1.9263056428538334e-05,0.0061078219494696,Switzerland,CHE,vaud,,,Windows-10-10.0.22000-SP0,3.9.15,12,Intel(R) Core(TM) i7-9750H CPU @ 2.60GHz,1,1 x NVIDIA GeForce GTX 1660 Ti with Max-Q Design,6.607,46.488,15.814472198486328,process,N
2022-12-04T11:02:43,codecarbon,a57b4d71-42d3-4905-ba74-4929bbd2d5cf,856.2886891365051,0.0002007649799209,0.0002344594556345,22.5,2.802,0.0919046401977539,0.0053517480581998,0.0007376663666111,1.926502148249293e-05,0.0061086794462935,Switzerland,CHE,vaud,,,Windows-10-10.0.22000-SP0,3.9.15,12,Intel(R) Core(TM) i7-9750H CPU @ 2.60GHz,1,1 x NVIDIA GeForce GTX 1660 Ti with Max-Q Design,6.607,46.488,15.814472198486328,process,N
2022-12-04T11:02:43,codecarbon,a57b4d71-42d3-4905-ba74-4929bbd2d5cf,856.3840789794922,0.0002007867624289,0.0002344587753992,22.5,2.953,0.0913081169128418,0.0053523442447185,0.0007377314888952,1.926648942149152e-05,0.0061093422230353,Switzerland,CHE,vaud,,,Windows-10-10.0.22000-SP0,3.9.15,12,Intel(R) Core(TM) i7-9750H CPU @ 2.60GHz,1,1 x NVIDIA GeForce GTX 1660 Ti with Max-Q Design,6.607,46.488,15.814472198486328,process,N
2022-12-04T11:02:51,codecarbon,a57b4d71-42d3-4905-ba74-4929bbd2d5cf,864.3562014102936,0.0002026412611542,0.0002344418433321,22.5,2.895,0.0920734405517578,0.005402170009911,0.0007441295371322,1.946954013241936e-05,0.0061657690871757,Switzerland,CHE,vaud,,,Windows-10-10.0.22000-SP0,3.9.15,12,Intel(R) Core(TM) i7-9750H CPU @ 2.60GHz,1,1 x NVIDIA GeForce GTX 1660 Ti with Max-Q Design,6.607,46.488,15.814472198486328,process,N
2022-12-04T11:02:59,codecarbon,a57b4d71-42d3-4905-ba74-4929bbd2d5cf,872.5165004730225,0.0002045241834966,0.000234407238586,22.5,2.688,0.0921292304992675,0.0054531718790531,0.0007502113630243,1.9677555119615987e-05,0.0062230607971971,Switzerland,CHE,vaud,,,Windows-10-10.0.22000-SP0,3.9.15,12,Intel(R) Core(TM) i7-9750H CPU @ 2.60GHz,1,1 x NVIDIA GeForce GTX 1660 Ti with Max-Q Design,6.607,46.488,15.814472198486328,process,N
2022-12-04T11:05:08,codecarbon,a57b4d71-42d3-4905-ba74-4929bbd2d5cf,1001.5320014953612,0.0002344158943657,0.0002340573182042,22.5,2.787,0.0921335220336914,0.0062595187604427,0.0008500792506333,2.297837929044884e-05,0.0071325763903665,Switzerland,CHE,vaud,,,Windows-10-10.0.22000-SP0,3.9.15,12,Intel(R) Core(TM) i7-9750H CPU @ 2.60GHz,1,1 x NVIDIA GeForce GTX 1660 Ti with Max-Q Design,6.607,46.488,15.814472198486328,process,N
2022-12-04T11:07:14,codecarbon,a57b4d71-42d3-4905-ba74-4929bbd2d5cf,1127.4390006065369,0.0002637437300576,0.0002339317070952,22.5,2.923,0.0922579765319824,0.0070464375048875,0.000952293310929,2.620412814826049e-05,0.0080249349439649,Switzerland,CHE,vaud,,,Windows-10-10.0.22000-SP0,3.9.15,12,Intel(R) Core(TM) i7-9750H CPU @ 2.60GHz,1,1 x NVIDIA GeForce GTX 1660 Ti with Max-Q Design,6.607,46.488,15.814472198486328,process,N
2022-12-04T11:09:27,codecarbon,a57b4d71-42d3-4905-ba74-4929bbd2d5cf,1260.5383648872375,0.0002946265916357,0.0002337307612705,22.5,2.824,0.0921006202697753,0.0078783085316419,0.0010566913839405,2.9608380973463773e-05,0.008964608296556,Switzerland,CHE,vaud,,,Windows-10-10.0.22000-SP0,3.9.15,12,Intel(R) Core(TM) i7-9750H CPU @ 2.60GHz,1,1 x NVIDIA GeForce GTX 1660 Ti with Max-Q Design,6.607,46.488,15.814472198486328,process,N
2022-12-04T11:09:27,codecarbon,a57b4d71-42d3-4905-ba74-4929bbd2d5cf,1260.6043612957,0.0002946416112024,0.0002337304393423,22.5,3.028,0.0915255546569824,0.0078787210091948,0.0010567351189493,2.9609169022753385e-05,0.0089650652971669,Switzerland,CHE,vaud,,,Windows-10-10.0.22000-SP0,3.9.15,12,Intel(R) Core(TM) i7-9750H CPU @ 2.60GHz,1,1 x NVIDIA GeForce GTX 1660 Ti with Max-Q Design,6.607,46.488,15.814472198486328,process,N
2022-12-04T11:09:27,codecarbon,a57b4d71-42d3-4905-ba74-4929bbd2d5cf,1260.665363073349,0.0002946554910892,0.0002337301394328,22.5,3.028,0.0915670394897461,0.0078791022703051,0.0010567754945704,2.9609855840994893e-05,0.0089654876207165,Switzerland,CHE,vaud,,,Windows-10-10.0.22000-SP0,3.9.15,12,Intel(R) Core(TM) i7-9750H CPU @ 2.60GHz,1,1 x NVIDIA GeForce GTX 1660 Ti with Max-Q Design,6.607,46.488,15.814472198486328,process,N
2022-12-04T11:09:28,codecarbon,a57b4d71-42d3-4905-ba74-4929bbd2d5cf,1260.7453627586365,0.0002946737656301,0.000233729803285,22.5,3.0,0.0916242599487304,0.0078796022683382,0.0010568304927695,2.9610899373103616e-05,0.0089660436604808,Switzerland,CHE,vaud,,,Windows-10-10.0.22000-SP0,3.9.15,12,Intel(R) Core(TM) i7-9750H CPU @ 2.60GHz,1,1 x NVIDIA GeForce GTX 1660 Ti with Max-Q Design,6.607,46.488,15.814472198486328,process,N
2022-12-04T11:09:28,codecarbon,a57b4d71-42d3-4905-ba74-4929bbd2d5cf,1260.807362794876,0.0002946878182022,0.0002337294553459,22.5,2.89,0.0920991897583008,0.0078799897685647,0.0010568698285177,2.961164124776872e-05,0.0089664712383302,Switzerland,CHE,vaud,,,Windows-10-10.0.22000-SP0,3.9.15,12,Intel(R) Core(TM) i7-9750H CPU @ 2.60GHz,1,1 x NVIDIA GeForce GTX 1660 Ti with Max-Q Design,6.607,46.488,15.814472198486328,process,N
2022-12-04T11:09:28,codecarbon,a57b4d71-42d3-4905-ba74-4929bbd2d5cf,1260.8923635482788,0.0002947071387946,0.0002337290218534,22.5,2.89,0.0916328430175781,0.0078805210232734,0.0010569252199976,2.9612863051827955e-05,0.0089670591063229,Switzerland,CHE,vaud,,,Windows-10-10.0.22000-SP0,3.9.15,12,Intel(R) Core(TM) i7-9750H CPU @ 2.60GHz,1,1 x NVIDIA GeForce GTX 1660 Ti with Max-Q Design,6.607,46.488,15.814472198486328,process,N
2022-12-04T11:09:28,codecarbon,a57b4d71-42d3-4905-ba74-4929bbd2d5cf,1261.2303612232208,0.0002947849929374,0.0002337281134364,22.5,2.762,0.0936341285705566,0.0078826335087418,0.0010571738010044,2.9620665900836416e-05,0.0089694279756471,Switzerland,CHE,vaud,,,Windows-10-10.0.22000-SP0,3.9.15,12,Intel(R) Core(TM) i7-9750H CPU @ 2.60GHz,1,1 x NVIDIA GeForce GTX 1660 Ti with Max-Q Design,6.607,46.488,15.814472198486328,process,N
2022-12-04T11:09:28,codecarbon,a57b4d71-42d3-4905-ba74-4929bbd2d5cf,1261.2843644618988,0.0002947971408147,0.0002337277374721,22.5,2.762,0.0930747985839843,0.0078829710289835,0.0010572052579452,2.962131238551611e-05,0.0089697975993143,Switzerland,CHE,vaud,,,Windows-10-10.0.22000-SP0,3.9.15,12,Intel(R) Core(TM) i7-9750H CPU @ 2.60GHz,1,1 x NVIDIA GeForce GTX 1660 Ti with Max-Q Design,6.607,46.488,15.814472198486328,process,N
2022-12-04T11:09:28,codecarbon,a57b4d71-42d3-4905-ba74-4929bbd2d5cf,1261.3413636684418,0.0002948101140954,0.0002337274607708,22.5,3.032,0.0931706428527832,0.0078833272740244,0.0010572431558007,2.9621907722666187e-05,0.0089701923375478,Switzerland,CHE,vaud,,,Windows-10-10.0.22000-SP0,3.9.15,12,Intel(R) Core(TM) i7-9750H CPU @ 2.60GHz,1,1 x NVIDIA GeForce GTX 1660 Ti with Max-Q Design,6.607,46.488,15.814472198486328,process,N
2022-12-04T11:09:28,codecarbon,a57b4d71-42d3-4905-ba74-4929bbd2d5cf,1261.544341802597,0.0002948566529371,0.0002337267452017,22.5,2.771,0.0932350158691406,0.0078845958873629,0.0010573863078847,2.962618042516548e-05,0.0089716083756729,Switzerland,CHE,vaud,,,Windows-10-10.0.22000-SP0,3.9.15,12,Intel(R) Core(TM) i7-9750H CPU @ 2.60GHz,1,1 x NVIDIA GeForce GTX 1660 Ti with Max-Q Design,6.607,46.488,15.814472198486328,process,N
2022-12-04T11:09:28,codecarbon,a57b4d71-42d3-4905-ba74-4929bbd2d5cf,1261.616339445114,0.0002948730340936,0.0002337263911969,22.5,2.902,0.0936870574951171,0.0078850458726286,0.0010574338674916,2.962706527631364e-05,0.0089721068053966,Switzerland,CHE,vaud,,,Windows-10-10.0.22000-SP0,3.9.15,12,Intel(R) Core(TM) i7-9750H CPU @ 2.60GHz,1,1 x NVIDIA GeForce GTX 1660 Ti with Max-Q Design,6.607,46.488,15.814472198486328,process,N
2022-12-04T11:09:29,codecarbon,a57b4d71-42d3-4905-ba74-4929bbd2d5cf,1262.2303404808044,0.0002950151729708,0.0002337253063164,22.5,2.839,0.0934381484985351,0.0078888833791017,0.0010579062468453,2.9642041474917656e-05,0.0089764316674219,Switzerland,CHE,vaud,,,Windows-10-10.0.22000-SP0,3.9.15,12,Intel(R) Core(TM) i7-9750H CPU @ 2.60GHz,1,1 x NVIDIA GeForce GTX 1660 Ti with Max-Q Design,6.607,46.488,15.814472198486328,process,N
2022-12-04T11:09:31,codecarbon,a57b4d71-42d3-4905-ba74-4929bbd2d5cf,1264.5188162326813,0.000295545426274,0.0002337216516512,22.5,2.807,0.0932979583740234,0.0079031863525509,0.001059678924284,2.9700416829493106e-05,0.0089925656936645,Switzerland,CHE,vaud,,,Windows-10-10.0.22000-SP0,3.9.15,12,Intel(R) Core(TM) i7-9750H CPU @ 2.60GHz,1,1 x NVIDIA GeForce GTX 1660 Ti with Max-Q Design,6.607,46.488,15.814472198486328,process,N
2022-12-04T11:09:31,codecarbon,a57b4d71-42d3-4905-ba74-4929bbd2d5cf,1264.5898146629331,0.000295561422709,0.0002337211792171,22.5,2.807,0.0930876731872558,0.00790363009274,0.0010597210288349,2.970129589014031e-05,0.0089930524174651,Switzerland,CHE,vaud,,,Windows-10-10.0.22000-SP0,3.9.15,12,Intel(R) Core(TM) i7-9750H CPU @ 2.60GHz,1,1 x NVIDIA GeForce GTX 1660 Ti with Max-Q Design,6.607,46.488,15.814472198486328,process,N
2022-12-04T11:09:31,codecarbon,a57b4d71-42d3-4905-ba74-4929bbd2d5cf,1264.6513855457306,0.0002955754609277,0.0002337209007209,22.5,3.06,0.0931477546691894,0.0079040149107575,0.0010597626792613,2.970196856282693e-05,0.0089934795585816,Switzerland,CHE,vaud,,,Windows-10-10.0.22000-SP0,3.9.15,12,Intel(R) Core(TM) i7-9750H CPU @ 2.60GHz,1,1 x NVIDIA GeForce GTX 1660 Ti with Max-Q Design,6.607,46.488,15.814472198486328,process,N
2022-12-04T11:09:32,codecarbon,a57b4d71-42d3-4905-ba74-4929bbd2d5cf,1264.7313840389252,0.000295593634317,0.0002337204864586,22.5,2.965,0.0931906700134277,0.00790451490134,0.0010598145635896,2.9703055677650336e-05,0.0089940325206072,Switzerland,CHE,vaud,,,Windows-10-10.0.22000-SP0,3.9.15,12,Intel(R) Core(TM) i7-9750H CPU @ 2.60GHz,1,1 x NVIDIA GeForce GTX 1660 Ti with Max-Q Design,6.607,46.488,15.814472198486328,process,N
2022-12-04T11:09:32,codecarbon,a57b4d71-42d3-4905-ba74-4929bbd2d5cf,1264.8010337352753,0.0002956095016881,0.0002337201613562,22.5,2.965,0.093358039855957,0.0079049502119421,0.0010598612199177,2.970388551620952e-05,0.0089945153173761,Switzerland,CHE,vaud,,,Windows-10-10.0.22000-SP0,3.9.15,12,Intel(R) Core(TM) i7-9750H CPU @ 2.60GHz,1,1 x NVIDIA GeForce GTX 1660 Ti with Max-Q Design,6.607,46.488,15.814472198486328,process,N
2022-12-04T11:09:32,codecarbon,a57b4d71-42d3-4905-ba74-4929bbd2d5cf,1264.8870341777802,0.0002956291143456,0.0002337197760413,22.5,2.899,0.0936598777770996,0.0079054877147078,0.0010599191970593,2.970516026982921e-05,0.008995112072037,Switzerland,CHE,vaud,,,Windows-10-10.0.22000-SP0,3.9.15,12,Intel(R) Core(TM) i7-9750H CPU @ 2.60GHz,1,1 x NVIDIA GeForce GTX 1660 Ti with Max-Q Design,6.607,46.488,15.814472198486328,process,N
2022-12-04T11:09:32,codecarbon,a57b4d71-42d3-4905-ba74-4929bbd2d5cf,1265.2620298862455,0.0002957153501872,0.0002337186631719,22.5,2.722,0.0935926437377929,0.0079078314378857,0.0010601906380393,2.9713895526566604e-05,0.0089977359714517,Switzerland,CHE,vaud,,,Windows-10-10.0.22000-SP0,3.9.15,12,Intel(R) Core(TM) i7-9750H CPU @ 2.60GHz,1,1 x NVIDIA GeForce GTX 1660 Ti with Max-Q Design,6.607,46.488,15.814472198486328,process,N
2022-12-04T11:09:32,codecarbon,a57b4d71-42d3-4905-ba74-4929bbd2d5cf,1265.3160302639008,0.0002957275815923,0.0002337183553508,22.5,2.984,0.0935697555541992,0.0079081689402461,0.0010602246249612,2.9714571414076355e-05,0.0089981081366214,Switzerland,CHE,vaud,,,Windows-10-10.0.22000-SP0,3.9.15,12,Intel(R) Core(TM) i7-9750H CPU @ 2.60GHz,1,1 x NVIDIA GeForce GTX 1660 Ti with Max-Q Design,6.607,46.488,15.814472198486328,process,N
2022-12-04T11:09:32,codecarbon,a57b4d71-42d3-4905-ba74-4929bbd2d5cf,1265.374035358429,0.0002957406883892,0.0002337179996786,22.5,2.984,0.0941305160522461,0.0079085314720869,0.001060260266181,2.971519908615316e-05,0.0089985069373541,Switzerland,CHE,vaud,,,Windows-10-10.0.22000-SP0,3.9.15,12,Intel(R) Core(TM) i7-9750H CPU @ 2.60GHz,1,1 x NVIDIA GeForce GTX 1660 Ti with Max-Q Design,6.607,46.488,15.814472198486328,process,N
2022-12-04T11:09:32,codecarbon,a57b4d71-42d3-4905-ba74-4929bbd2d5cf,1265.5950322151184,0.0002957914569749,0.0002337173024907,22.5,2.79,0.0937371253967285,0.0079099127024412,0.001060419137796,2.971983373517967e-05,0.0090000516739724,Switzerland,CHE,vaud,,,Windows-10-10.0.22000-SP0,3.9.15,12,Intel(R) Core(TM) i7-9750H CPU @ 2.60GHz,1,1 x NVIDIA GeForce GTX 1660 Ti with Max-Q Design,6.607,46.488,15.814472198486328,process,N
2022-12-04T11:09:32,codecarbon,a57b4d71-42d3-4905-ba74-4929bbd2d5cf,1265.662032842636,0.0002958066711751,0.0002337169508914,22.5,2.8870000000000005,0.0943508148193359,0.0079103314563632,0.0010604624417605,2.972069857370864e-05,0.0090005145966974,Switzerland,CHE,vaud,,,Windows-10-10.0.22000-SP0,3.9.15,12,Intel(R) Core(TM) i7-9750H CPU @ 2.60GHz,1,1 x NVIDIA GeForce GTX 1660 Ti with Max-Q Design,6.607,46.488,15.814472198486328,process,N
2022-12-04T11:09:33,codecarbon,a57b4d71-42d3-4905-ba74-4929bbd2d5cf,1266.2680320739746,0.0002959467275718,0.0002337157063714,22.5,2.7920000000000003,0.0939416885375976,0.007914118951559,0.0010609215708402,2.97355726539872e-05,0.0090047760950532,Switzerland,CHE,vaud,,,Windows-10-10.0.22000-SP0,3.9.15,12,Intel(R) Core(TM) i7-9750H CPU @ 2.60GHz,1,1 x NVIDIA GeForce GTX 1660 Ti with Max-Q Design,6.607,46.488,15.814472198486328,process,N
2022-12-04T11:09:35,codecarbon,a57b4d71-42d3-4905-ba74-4929bbd2d5cf,1268.574389219284,0.0002964788969297,0.0002337102967309,22.5,2.7,0.0938386917114257,0.0079285336837172,0.0010626400891569,2.9794648251114022e-05,0.0090209684211253,Switzerland,CHE,vaud,,,Windows-10-10.0.22000-SP0,3.9.15,12,Intel(R) Core(TM) i7-9750H CPU @ 2.60GHz,1,1 x NVIDIA GeForce GTX 1660 Ti with Max-Q Design,6.607,46.488,15.814472198486328,process,N
2022-12-04T11:09:35,codecarbon,a57b4d71-42d3-4905-ba74-4929bbd2d5cf,1268.6453914642334,0.0002964949179059,0.0002337098450842,22.5,2.979,0.0935940742492675,0.0079289774477481,0.0010626831195894,2.9795324301889347e-05,0.0090214558916394,Switzerland,CHE,vaud,,,Windows-10-10.0.22000-SP0,3.9.15,12,Intel(R) Core(TM) i7-9750H CPU @ 2.60GHz,1,1 x NVIDIA GeForce GTX 1660 Ti with Max-Q Design,6.607,46.488,15.814472198486328,process,N
2022-12-04T11:09:36,codecarbon,a57b4d71-42d3-4905-ba74-4929bbd2d5cf,1268.7156777381897,0.0002965106559209,0.000233709302347,22.5,2.879,0.0936141014099121,0.0079294104889035,0.0010627281332129,2.9796130371090897e-05,0.0090219347524876,Switzerland,CHE,vaud,,,Windows-10-10.0.22000-SP0,3.9.15,12,Intel(R) Core(TM) i7-9750H CPU @ 2.60GHz,1,1 x NVIDIA GeForce GTX 1660 Ti with Max-Q Design,6.607,46.488,15.814472198486328,process,N
2022-12-04T11:09:36,codecarbon,a57b4d71-42d3-4905-ba74-4929bbd2d5cf,1268.777681350708,0.0002965247344104,0.0002337089773637,22.5,2.879,0.0936012268066406,0.0079297980114817,0.0010627681190952,2.979698835114344e-05,0.0090223631189282,Switzerland,CHE,vaud,,,Windows-10-10.0.22000-SP0,3.9.15,12,Intel(R) Core(TM) i7-9750H CPU @ 2.60GHz,1,1 x NVIDIA GeForce GTX 1660 Ti with Max-Q Design,6.607,46.488,15.814472198486328,process,N
2022-12-04T11:09:36,codecarbon,a57b4d71-42d3-4905-ba74-4929bbd2d5cf,1268.8346781730652,0.0002965377042929,0.0002337087009002,22.5,3.0080000000000005,0.0936155319213867,0.0079301542416214,0.0010628057177645,2.979779437686328e-05,0.0090227577537629,Switzerland,CHE,vaud,,,Windows-10-10.0.22000-SP0,3.9.15,12,Intel(R) Core(TM) i7-9750H CPU @ 2.60GHz,1,1 x NVIDIA GeForce GTX 1660 Ti with Max-Q Design,6.607,46.488,15.814472198486328,process,N
2022-12-04T11:09:36,codecarbon,a57b4d71-42d3-4905-ba74-4929bbd2d5cf,1269.1286823749542,0.000296605368138,0.0002337078755347,22.5,2.746,0.093606948852539,0.0079319917678833,0.0010630200575155,2.9804737325149044e-05,0.009024816562724,Switzerland,CHE,vaud,,,Windows-10-10.0.22000-SP0,3.9.15,12,Intel(R) Core(TM) i7-9750H CPU @ 2.60GHz,1,1 x NVIDIA GeForce GTX 1660 Ti with Max-Q Design,6.607,46.488,15.814472198486328,process,N
2022-12-04T11:09:36,codecarbon,a57b4d71-42d3-4905-ba74-4929bbd2d5cf,1269.3926768302915,0.0002966663159771,0.0002337072849025,22.5,2.8330000000000006,0.093606948852539,0.0079336417332291,0.0010632183647747,2.981092565217703e-05,0.0090266710236561,Switzerland,CHE,vaud,,,Windows-10-10.0.22000-SP0,3.9.15,12,Intel(R) Core(TM) i7-9750H CPU @ 2.60GHz,1,1 x NVIDIA GeForce GTX 1660 Ti with Max-Q Design,6.607,46.488,15.814472198486328,process,N
2022-12-04T11:09:36,codecarbon,a57b4d71-42d3-4905-ba74-4929bbd2d5cf,1269.440683841705,0.0002966771593731,0.0002337069885576,22.5,2.852,0.0940704345703125,0.0079339417770504,0.0010632476782723,2.981150052899873e-05,0.0090270009558518,Switzerland,CHE,vaud,,,Windows-10-10.0.22000-SP0,3.9.15,12,Intel(R) Core(TM) i7-9750H CPU @ 2.60GHz,1,1 x NVIDIA GeForce GTX 1660 Ti with Max-Q Design,6.607,46.488,15.814472198486328,process,N
2022-12-04T11:09:36,codecarbon,a57b4d71-42d3-4905-ba74-4929bbd2d5cf,1269.4886820316317,0.000296687974604,0.0002337066716728,22.5,2.852,0.0936083793640136,0.0079342417657375,0.0010632761928053,2.98120725201458e-05,0.009027330031063,Switzerland,CHE,vaud,,,Windows-10-10.0.22000-SP0,3.9.15,12,Intel(R) Core(TM) i7-9750H CPU @ 2.60GHz,1,1 x NVIDIA GeForce GTX 1660 Ti with Max-Q Design,6.607,46.488,15.814472198486328,process,N
2022-12-04T11:09:36,codecarbon,a57b4d71-42d3-4905-ba74-4929bbd2d5cf,1269.550323009491,0.0002967020674736,0.0002337064250988,22.5,3.03,0.0936141014099121,0.0079346270218491,0.0010633188138914,2.9812999305983305e-05,0.0090277588350465,Switzerland,CHE,vaud,,,Windows-10-10.0.22000-SP0,3.9.15,12,Intel(R) Core(TM) i7-9750H CPU @ 2.60GHz,1,1 x NVIDIA GeForce GTX 1660 Ti with Max-Q Design,6.607,46.488,15.814472198486328,process,N
2022-12-04T11:09:36,codecarbon,a57b4d71-42d3-4905-ba74-4929bbd2d5cf,1269.599321126938,0.0002967131468197,0.0002337061322279,22.5,3.03,0.0936112403869628,0.0079349332600832,0.0010633491151066,2.981357130841294e-05,0.0090280959464982,Switzerland,CHE,vaud,,,Windows-10-10.0.22000-SP0,3.9.15,12,Intel(R) Core(TM) i7-9750H CPU @ 2.60GHz,1,1 x NVIDIA GeForce GTX 1660 Ti with Max-Q Design,6.607,46.488,15.814472198486328,process,N
2022-12-04T11:09:37,codecarbon,a57b4d71-42d3-4905-ba74-4929bbd2d5cf,1269.694321155548,0.0002967350690572,0.0002337059118191,22.5,3.0620000000000003,0.0940790176391601,0.007935527010262,0.0010634205638953,2.981540063336145e-05,0.0090287629747906,Switzerland,CHE,vaud,,,Windows-10-10.0.22000-SP0,3.9.15,12,Intel(R) Core(TM) i7-9750H CPU @ 2.60GHz,1,1 x NVIDIA GeForce GTX 1660 Ti with Max-Q Design,6.607,46.488,15.814472198486328,process,N
2022-12-04T11:09:37,codecarbon,a57b4d71-42d3-4905-ba74-4929bbd2d5cf,1270.0293247699738,0.0002968120515694,0.0002337048804941,22.5,2.716,0.0936198234558105,0.0079376207828521,0.0010636612338358,2.9823306304762887e-05,0.0090311053229928,Switzerland,CHE,vaud,,,Windows-10-10.0.22000-SP0,3.9.15,12,Intel(R) Core(TM) i7-9750H CPU @ 2.60GHz,1,1 x NVIDIA GeForce GTX 1660 Ti with Max-Q Design,6.607,46.488,15.814472198486328,process,N
2022-12-04T11:09:37,codecarbon,a57b4d71-42d3-4905-ba74-4929bbd2d5cf,1270.0783276557922,0.0002968230285575,0.0002337045063239,22.5,2.716,0.0936083793640136,0.0079379270508885,0.0010636883907881,2.9823878320707708e-05,0.0090314393199973,Switzerland,CHE,vaud,,,Windows-10-10.0.22000-SP0,3.9.15,12,Intel(R) Core(TM) i7-9750H CPU @ 2.60GHz,1,1 x NVIDIA GeForce GTX 1660 Ti with Max-Q Design,6.607,46.488,15.814472198486328,process,N
2022-12-04T11:09:37,codecarbon,a57b4d71-42d3-4905-ba74-4929bbd2d5cf,1270.1283206939695,0.0002968344147503,0.00023370427217,22.5,3.08,0.0936126708984375,0.0079382395073771,0.001063721758096,2.982450240334525e-05,0.0090317857678765,Switzerland,CHE,vaud,,,Windows-10-10.0.22000-SP0,3.9.15,12,Intel(R) Core(TM) i7-9750H CPU @ 2.60GHz,1,1 x NVIDIA GeForce GTX 1660 Ti with Max-Q Design,6.607,46.488,15.814472198486328,process,N
2022-12-04T11:09:37,codecarbon,a57b4d71-42d3-4905-ba74-4929bbd2d5cf,1270.187653541565,0.0002968479610739,0.0002337040202259,22.5,3.08,0.0940890312194824,0.0079386103376746,0.0010637622569647,2.9825347457068952e-05,0.0090321979420963,Switzerland,CHE,vaud,,,Windows-10-10.0.22000-SP0,3.9.15,12,Intel(R) Core(TM) i7-9750H CPU @ 2.60GHz,1,1 x NVIDIA GeForce GTX 1660 Ti with Max-Q Design,6.607,46.488,15.814472198486328,process,N
2022-12-04T11:09:37,codecarbon,a57b4d71-42d3-4905-ba74-4929bbd2d5cf,1270.236653804779,0.0002968590225995,0.0002337037131705,22.5,2.974,0.0940918922424316,0.0079389165893197,0.0010637919995362,2.982592246502132e-05,0.0090325345113209,Switzerland,CHE,vaud,,,Windows-10-10.0.22000-SP0,3.9.15,12,Intel(R) Core(TM) i7-9750H CPU @ 2.60GHz,1,1 x NVIDIA GeForce GTX 1660 Ti with Max-Q Design,6.607,46.488,15.814472198486328,process,N
2022-12-04T11:09:37,codecarbon,a57b4d71-42d3-4905-ba74-4929bbd2d5cf,1270.34765458107,0.0002968845592883,0.0002337033946713,22.5,2.9160000000000004,0.0940918922424316,0.0079396103441715,0.0010638730021626,2.982817025227187e-05,0.0090333115165864,Switzerland,CHE,vaud,,,Windows-10-10.0.22000-SP0,3.9.15,12,Intel(R) Core(TM) i7-9750H CPU @ 2.60GHz,1,1 x NVIDIA GeForce GTX 1660 Ti with Max-Q Design,6.607,46.488,15.814472198486328,process,N
2022-12-04T11:09:37,codecarbon,a57b4d71-42d3-4905-ba74-4929bbd2d5cf,1270.4566538333893,0.000296909545344,0.0002337030109985,22.5,2.852,0.0936284065246582,0.0079402915894985,0.0010639498493259,2.983032889956073e-05,0.009034071767724,Switzerland,CHE,vaud,,,Windows-10-10.0.22000-SP0,3.9.15,12,Intel(R) Core(TM) i7-9750H CPU @ 2.60GHz,1,1 x NVIDIA GeForce GTX 1660 Ti with Max-Q Design,6.607,46.488,15.814472198486328,process,N
2022-12-04T11:09:37,codecarbon,a57b4d71-42d3-4905-ba74-4929bbd2d5cf,1270.5046570301056,0.000296920361886,0.0002337026946285,22.5,2.852,0.0940876007080078,0.0079405916094779,0.0010639783693365,2.983090401837284e-05,0.0090344008828328,Switzerland,CHE,vaud,,,Windows-10-10.0.22000-SP0,3.9.15,12,Intel(R) Core(TM) i7-9750H CPU @ 2.60GHz,1,1 x NVIDIA GeForce GTX 1660 Ti with Max-Q Design,6.607,46.488,15.814472198486328,process,N
2022-12-04T11:09:39,codecarbon,a57b4d71-42d3-4905-ba74-4929bbd2d5cf,1272.241310596466,0.0002973215734376,0.0002336990403952,22.5,2.735,0.0944294929504394,0.0079514456942677,0.0010652871102954,2.987574894798087e-05,0.0090466085535111,Switzerland,CHE,vaud,,,Windows-10-10.0.22000-SP0,3.9.15,12,Intel(R) Core(TM) i7-9750H CPU @ 2.60GHz,1,1 x NVIDIA GeForce GTX 1660 Ti with Max-Q Design,6.607,46.488,15.814472198486328,process,N
2022-12-04T11:09:40,codecarbon,a57b4d71-42d3-4905-ba74-4929bbd2d5cf,1272.7863113880155,0.0002974473714365,0.0002336978083243,22.5,2.764,0.0951032638549804,0.0079548519492149,0.0010656948024144,2.988945972661678e-05,0.0090504362113559,Switzerland,CHE,vaud,,,Windows-10-10.0.22000-SP0,3.9.15,12,Intel(R) Core(TM) i7-9750H CPU @ 2.60GHz,1,1 x NVIDIA GeForce GTX 1660 Ti with Max-Q Design,6.607,46.488,15.814472198486328,process,N
2022-12-04T11:09:42,codecarbon,a57b4d71-42d3-4905-ba74-4929bbd2d5cf,1274.865322113037,0.000297927339461,0.0002336931864828,22.5,2.71,0.0949072837829589,0.0079678457662463,0.0010672508040657,2.994363625866736e-05,0.0090650402065707,Switzerland,CHE,vaud,,,Windows-10-10.0.22000-SP0,3.9.15,12,Intel(R) Core(TM) i7-9750H CPU @ 2.60GHz,1,1 x NVIDIA GeForce GTX 1660 Ti with Max-Q Design,6.607,46.488,15.814472198486328,process,N
2022-12-04T11:17:20,codecarbon,a57b4d71-42d3-4905-ba74-4929bbd2d5cf,1733.1818418502808,0.000403474846045,0.0002327942956143,22.5,2.631,0.0949015617370605,0.010832324014604,0.0014021877137768,4.202424967078941e-05,0.0122765359780517,Switzerland,CHE,vaud,,,Windows-10-10.0.22000-SP0,3.9.15,12,Intel(R) Core(TM) i7-9750H CPU @ 2.60GHz,1,1 x NVIDIA GeForce GTX 1660 Ti with Max-Q Design,6.607,46.488,15.814472198486328,process,N
2022-12-04T11:17:20,codecarbon,a57b4d71-42d3-4905-ba74-4929bbd2d5cf,1733.287086725235,0.0004034985236872,0.0002327938209298,22.5,2.811,0.0954480171203613,0.0108329755425453,0.001402255055119,4.202582040583907e-05,0.0122772564180702,Switzerland,CHE,vaud,,,Windows-10-10.0.22000-SP0,3.9.15,12,Intel(R) Core(TM) i7-9750H CPU @ 2.60GHz,1,1 x NVIDIA GeForce GTX 1660 Ti with Max-Q Design,6.607,46.488,15.814472198486328,process,N
2022-12-04T11:17:20,codecarbon,a57b4d71-42d3-4905-ba74-4929bbd2d5cf,1733.412083864212,0.0004035270185644,0.0002327934726662,22.5,2.845,0.0954437255859375,0.0108337567746639,0.0014023388222603,4.202783525874652e-05,0.0122781234321829,Switzerland,CHE,vaud,,,Windows-10-10.0.22000-SP0,3.9.15,12,Intel(R) Core(TM) i7-9750H CPU @ 2.60GHz,1,1 x NVIDIA GeForce GTX 1660 Ti with Max-Q Design,6.607,46.488,15.814472198486328,process,N
2022-12-04T11:17:20,codecarbon,a57b4d71-42d3-4905-ba74-4929bbd2d5cf,1733.5120840072632,0.0004035495621895,0.0002327930482357,22.5,2.648,0.093757152557373,0.0108343817755579,0.0014023984023262,4.202918956096654e-05,0.0122788093674451,Switzerland,CHE,vaud,,,Windows-10-10.0.22000-SP0,3.9.15,12,Intel(R) Core(TM) i7-9750H CPU @ 2.60GHz,1,1 x NVIDIA GeForce GTX 1660 Ti with Max-Q Design,6.607,46.488,15.814472198486328,process,N
2022-12-04T11:17:20,codecarbon,a57b4d71-42d3-4905-ba74-4929bbd2d5cf,1733.625085353851,0.000403574855563,0.000232792464168,22.5,2.6870000000000003,0.0937857627868652,0.0108350817874074,0.0014024663250205,4.203085692269564e-05,0.0122795789693506,Switzerland,CHE,vaud,,,Windows-10-10.0.22000-SP0,3.9.15,12,Intel(R) Core(TM) i7-9750H CPU @ 2.60GHz,1,1 x NVIDIA GeForce GTX 1660 Ti with Max-Q Design,6.607,46.488,15.814472198486328,process,N
2022-12-04T11:17:21,codecarbon,a57b4d71-42d3-4905-ba74-4929bbd2d5cf,1733.7590849399567,0.00040360527096798527,0.00023279201503475488,22.5,2.681,0.09455680847167969,0.010835919284820557,0.0014025519663076946,4.2033168262802206e-05,0.012280504419391049,Switzerland,CHE,vaud,,,Windows-10-10.0.22000-SP0,3.9.15,12,Intel(R) Core(TM) i7-9750H CPU @ 2.60GHz,1,1 x NVIDIA GeForce GTX 1660 Ti with Max-Q Design,6.607,46.488,15.814472198486328,process,N
